Start,End,Duration,Exposure Time [%],Equity Final [$],Equity Peak [$],Commissions [$],Return [%],Buy & Hold Return [%],Return (Ann.) [%],Volatility (Ann.) [%],CAGR [%],Sharpe Ratio,Sortino Ratio,Calmar Ratio,Alpha [%],Beta,Max. Drawdown [%],Avg. Drawdown [%],Max. Drawdown Duration,Avg. Drawdown Duration,# Trades,Win Rate [%],Best Trade [%],Worst Trade [%],Avg. Trade [%],Max. Trade Duration,Avg. Trade Duration,Profit Factor,Expectancy [%],SQN,Kelly Criterion,_strategy,tag
2025-05-13 05:00:00+00:00,2025-08-31 16:00:00+00:00,110 days 11:00:00,57.9185520361991,2210.8913689999918,10871.067999999997,6187.881130999984,-77.89108631000008,4.71770091556459,-99.30056288876,0.4146054247522946,-99.31737886758523,-239.5061833744384,-1.873304368298272,-1.2401564980743711,-78.05937521034899,0.03567180356721977,-80.07099349392357,-11.628706942291057,104 days 17:00:00,13 days 17:00:00,304,50.32894736842105,5.0113908872901565,-5.009902022097146,-0.10112692956317781,0 days 05:00:00,0 days 05:00:00,0.8802894656343201,-0.08605607001170827,-0.9967194517165989,-0.09019751995947123,ADXReversalStrategy_4p,ADAUSDT_f1h
2025-05-13 05:00:00+00:00,2025-08-31 16:00:00+00:00,110 days 11:00:00,72.6998491704374,2657.6420949999897,11157.121210000005,5665.881285000004,-73.4235790500001,4.71770091556459,-98.71891318475552,0.9218098618855778,-98.74599725671867,-107.09248974926814,-1.7695253896730043,-1.2770336819272132,-73.71626357055592,0.06203965147307241,-77.30329636707435,-11.650031934839014,104 days 17:00:00,13 days 16:00:00,264,49.24242424242424,5.011550151975685,-5.017098632109429,-0.1059122577922289,0 days 10:00:00,0 days 07:00:00,0.9103077135722489,-0.08225261242797677,-0.824089434059894,-0.07233120118866876,ADXReversalStrategy_9p,ADAUSDT_f1h
2025-05-13 05:00:00+00:00,2025-08-31 16:00:00+00:00,110 days 11:00:00,82.39064856711916,2593.529913599985,10853.894781800002,4988.867926400002,-74.06470086400016,4.71770091556459,-98.81776040764292,0.9446824652815943,-98.84321029835444,-104.6042072752848,-1.6576737135646955,-1.2741798259522785,-74.64677247736526,0.12338035491922196,-77.55401427250655,-12.25654192819807,104 days 17:00:00,13 days 17:00:00,238,49.57983193277311,6.331623134328357,-5.017098632109429,-0.17229827244448215,1 days 03:00:00,0 days 09:00:00,0.8675973359402605,-0.14154337189877667,-1.1143685239504602,-0.10831681844747287,ADXReversalStrategy_26p,ADAUSDT_f1h
2025-05-13 05:00:00+00:00,2025-08-31 16:00:00+00:00,110 days 11:00:00,2.9788838612368025,9469.174806799998,10301.596979999997,580.3617932000001,-5.3082519320000205,4.71770091556459,-16.419018354520265,5.910028417537897,-16.492497083201386,-2.778162336038375,-2.4537557275551047,-1.6580685636513515,-5.4129919963575945,0.022201505825012447,-9.902496624363211,-6.159104668168719,74 days 21:00:00,49 days 18:00:00,15,60.0,2.323316638842532,-2.0134967635311973,0.03500566424654572,0 days 05:00:00,0 days 05:00:00,1.094669141210068,0.041715481934910446,0.1113038518252325,0.043063446297396446,RSI7LongStrategy_4p,ADAUSDT_f1h
2025-05-13 05:00:00+00:00,2025-08-31 16:00:00+00:00,110 days 11:00:00,4.71342383107089,9643.217047000002,10196.467379999998,579.229453,-3.567829529999981,4.71770091556459,-11.260455286320358,11.245746825944272,-11.312426485970006,-1.0013079131696396,-1.2851405301486805,-1.0920154073040254,-3.7514730136113363,0.03892647857465507,-10.311626750871806,-5.729939669952616,98 days 13:00:00,49 days 18:00:00,15,53.333333333333336,5.0117660242044115,-2.0134967635311973,0.15694060909527963,0 days 10:00:00,0 days 08:00:00,1.2522501663288956,0.17474044849603798,0.3085019257993049,0.0962911288724404,RSI7LongStrategy_9p,ADAUSDT_f1h
2025-05-13 05:00:00+00:00,2025-08-31 16:00:00+00:00,110 days 11:00:00,8.069381598793363,9192.103802000001,10192.879260000002,546.935198,-8.078961979999985,4.71770091556459,-24.1950248233864,15.75062135234779,-24.29792733656414,-1.5361314504446446,-1.657437757503999,-1.2316001410952322,-8.417200786760151,0.07169568669439252,-19.645194910314277,-19.645194910314277,99 days 12:00:00,99 days 12:00:00,15,26.666666666666668,5.0117660242044115,-2.0134967635311973,-0.16035954570722266,1 days 03:00:00,0 days 14:00:00,0.9106196269242652,-0.11981376139647894,-0.2547075526032948,-0.043382413906391026,RSI7LongStrategy_26p,ADAUSDT_f1h
2025-05-13 05:00:00+00:00,2025-08-31 16:00:00+00:00,110 days 11:00:00,41.44042232277527,4874.226979999996,10246.122800000001,6053.0956000000015,-51.25773020000004,4.71770091556459,-90.99106757830445,4.524081316811293,-90.69510306994744,-20.112606561731223,-2.315233339229628,-1.715906893682905,-52.82042651700843,0.3312410737723454,-53.02797483551538,-53.02797483551538,109 days 21:00:00,109 days 21:00:00,226,45.57522123893805,6.5886939571150105,-4.133210477820192,0.08337382394776327,0 days 05:00:00,0 days 04:00:00,1.1609687665906558,0.10031746381335901,0.5167601261466175,0.037596156608490194,PsarStrategy_4p,ADAUSDT_f1h
2025-05-13 05:00:00+00:00,2025-08-31 16:00:00+00:00,110 days 11:00:00,55.2790346907994,4484.150479999984,10246.122800000001,5629.0589999999975,-55.15849520000016,4.71770091556459,-93.26624099484312,3.883668543408885,-92.93670567305668,-24.014984788835452,-2.1623879590192896,-1.6521639841784663,-57.244384044313634,0.44214096689167526,-56.45095879584827,-56.45095879584827,109 days 21:00:00,109 days 21:00:00,226,40.26548672566372,12.524041181129085,-4.133210477820192,0.04544746761616647,0 days 10:00:00,0 days 06:00:00,1.095955874670743,0.06606879869424344,0.07579358586581621,0.002612472971246782,PsarStrategy_9p,ADAUSDT_f1h
2025-05-13 05:00:00+00:00,2025-08-31 16:00:00+00:00,110 days 11:00:00,58.63499245852187,4263.988139999977,10246.122800000001,5629.757479999998,-57.360118600000234,4.71770091556459,-94.29360528724978,3.3285063571802644,-94.01920413027322,-28.329104760109384,-2.1635804286624634,-1.6150486639628516,-59.57176003415634,0.46879644846910135,-58.38437403853898,-58.38437403853898,109 days 21:00:00,109 days 21:00:00,226,40.26548672566372,11.494512953954072,-4.133210477820192,0.022896444534348248,0 days 19:00:00,0 days 06:00:00,1.0630566704616882,0.043416606657567795,-0.0427558689070377,-0.0062934293754799975,PsarStrategy_26p,ADAUSDT_f1h
2025-05-13 04:00:00+00:00,2025-08-31 16:00:00+00:00,110 days 12:00:00,50.0,4883.752004200004,10000.0,2051.4270957999997,-51.16247995799996,3.789792824658919,-90.52602757803507,5.082399413397258,-90.62651605634694,-17.811671262869957,-2.1828868497210765,-1.6493168527292705,-51.676226764886465,0.13556065744378412,-54.88698392199998,-54.88698392199998,109 days,109 days,81,37.03703703703704,6.726539589442826,-5.017080186983103,-0.48832170420580745,0 days 20:00:00,0 days 13:00:00,0.7118242789420862,-0.44078849992838925,-1.6607212708881807,-0.21508410743223427,ADXReversalStrategy_4p,ADAUSDT_f4h
2025-05-13 04:00:00+00:00,2025-08-31 16:00:00+00:00,110 days 12:00:00,61.897590361445786,5129.359803799991,10000.0,2003.8030961999993,-48.706401962000086,3.789792824658919,-88.86720791573993,7.262134771602621,-88.97724664722489,-12.237063991602092,-1.912414097877607,-1.6268987295182011,-49.59728137178678,0.235073380262382,-54.623687574000115,-54.623687574000115,109 days,109 days,75,38.666666666666664,7.412748774156341,-5.017080186983103,-0.4924750084237983,1 days 16:00:00,0 days 19:00:00,0.7588493300277425,-0.42780801019327264,-1.3707892390900487,-0.17635086850732734,ADXReversalStrategy_9p,ADAUSDT_f4h
2025-05-13 04:00:00+00:00,2025-08-31 16:00:00+00:00,110 days 12:00:00,64.60843373493977,5442.917891799994,10000.0,1816.5841282,-45.57082108200006,3.789792824658919,-86.46872421730382,9.23879271722309,-86.59063687433837,-9.359309908112516,-1.8718549668552293,-1.6219060832822199,-46.59343696706377,0.2698342448721436,-53.31302786800006,-53.31302786800006,109 days,109 days,67,35.82089552238806,7.412748774156341,-5.017080186983103,-0.5097337171746652,4 days 12:00:00,0 days 23:00:00,0.7712105183965177,-0.4380077327159027,-1.2664292600536609,-0.15465833201075846,ADXReversalStrategy_26p,ADAUSDT_f4h
2025-05-13 04:00:00+00:00,2025-08-31 16:00:00+00:00,110 days 12:00:00,3.313253012048193,9734.036394400002,10328.822140000004,235.2264056,-2.6596360559999814,3.789792824658919,-8.482553047664876,12.042211456629513,-8.51925228134477,-0.7044016024976074,-0.8388461351660579,-0.9511448406937695,-2.698257740724865,0.010190975209405949,-8.918255858358714,-4.684967229179349,92 days,46 days 04:00:00,6,50.0,3.8996415770609305,-2.0186844613917954,-0.050103525537303906,0 days 20:00:00,0 days 11:00:00,0.9752748503499948,-0.024746603910922687,-0.05276220896416614,-0.02750384766813463,RSI7LongStrategy_4p,ADAUSDT_f4h
2025-05-13 04:00:00+00:00,2025-08-31 16:00:00+00:00,110 days 12:00:00,4.66867469879518,9736.2969402,10333.724820000001,233.76295979999998,-2.6370305980000013,3.789792824658919,-8.412647842052856,13.335840986056843,-8.449058800706322,-0.6308299454716517,-0.7508532956411,-0.8496030015472713,-2.6971504184967188,0.015863616635067142,-9.901857487240505,-3.880057094308259,78 days 20:00:00,23 days 02:00:00,6,33.33333333333333,5.000000000000004,-2.0186844613917954,-0.05111437025498988,1 days 16:00:00,0 days 17:00:00,0.9923532909794349,-0.01022189419592201,-0.04046231645241569,-0.013177266430541401,RSI7LongStrategy_9p,ADAUSDT_f4h
2025-05-13 04:00:00+00:00,2025-08-31 16:00:00+00:00,110 days 12:00:00,5.572289156626506,9923.0573044,10537.747927,238.31049560000002,-0.7694269560000067,3.789792824658919,-2.507897857742747,14.396971267122355,-2.5191016657751697,-0.1741962119122866,-0.22325658126878542,-0.25243751901110906,-0.8545486269297408,0.022460771569325823,-9.934727086397888,-3.890211770057181,78 days 20:00:00,20 days 11:00:00,6,33.33333333333333,5.000000000000004,-2.0186844613917954,0.27636496999254856,2 days 16:00:00,0 days 21:00:00,1.2467860447390946,0.32989627715253234,0.18623944302311624,0.05563875450517297,RSI7LongStrategy_26p,ADAUSDT_f4h
2025-05-13 04:00:00+00:00,2025-08-31 16:00:00+00:00,110 days 12:00:00,38.855421686746986,7927.361195999996,11256.581040000001,1911.5142440000002,-20.72638804000004,3.789792824658919,-53.40858400285252,22.133098949480377,-53.569321364538695,-2.413063987323221,-1.587763272877915,-1.8058226318194328,-21.929467259645595,0.3174525034238076,-29.575764010135043,-7.644814365502682,58 days 08:00:00,13 days 10:00:00,52,44.230769230769226,13.113496932515334,-5.010514665190923,-0.009373644696397676,0 days 20:00:00,0 days 16:00:00,1.0398777219747237,0.0557186155237131,0.000355292611686224,5.5810225640329225e-05,PsarStrategy_4p,ADAUSDT_f4h
2025-05-13 04:00:00+00:00,2025-08-31 16:00:00+00:00,110 days 12:00:00,52.86144578313253,9153.953680000006,12571.829260000008,2023.4293600000003,-8.460463199999941,3.789792824658919,-25.224664131451846,42.58787337033559,-25.32295174473893,-0.5922968708041191,-0.730935684596478,-0.9278283049772656,-10.211090832420528,0.4619322779413786,-27.18678013608339,-9.321951975712066,46 days 04:00:00,10 days 15:00:00,52,32.69230769230769,22.534692373818,-5.010514665190923,0.2687865053578431,1 days 16:00:00,0 days 23:00:00,1.2527823300773304,0.38569426871769175,0.38482460457695605,0.047729866872293025,PsarStrategy_9p,ADAUSDT_f4h
2025-05-13 04:00:00+00:00,2025-08-31 16:00:00+00:00,110 days 12:00:00,55.72289156626506,8198.620561000005,12154.372356999998,1997.5802990000002,-18.013794389999948,3.789792824658919,-47.95789658845079,28.22754077117857,-48.11146859493998,-1.6989753722158356,-1.3339814869350604,-1.4735457699442873,-19.934511041130722,0.5068131003450401,-32.54591582198631,-9.362261931851084,46 days,11 days 21:00:00,52,32.69230769230769,13.606778828441612,-5.010514665190923,0.05438965074742175,2 days 08:00:00,1 days 01:00:00,1.092238979832594,0.14073786669707072,0.12389640343724068,0.01463375085405616,PsarStrategy_26p,ADAUSDT_f4h
2025-05-13 00:00:00+00:00,2025-08-31 00:00:00+00:00,110 days,38.73873873873874,7135.305759199999,10496.152060000002,509.6630008000001,-28.646942408000015,-2.241233883600433,-67.04067338762239,13.54266051880913,-67.37155964589417,-4.950332565341274,-2.292003471169393,-2.0033728219437372,-28.183614237681656,0.20672905835871264,-33.4639028009661,-33.4639028009661,101 days,101 days,16,18.75,7.3960302457466875,-5.01378809869375,-1.5793181145765,5 days,2 days,0.4011817033578996,-1.5127433397584815,-1.8809940441992543,-0.35934385198188357,ADXReversalStrategy_4p,ADAUSDT_f1d
2025-05-13 00:00:00+00:00,2025-08-31 00:00:00+00:00,110 days,42.34234234234234,7234.512410799998,10496.152060000002,472.7009891999999,-27.65487589200002,-2.241233883600433,-65.50968697092904,16.22685750120145,-65.84184674882648,-4.037114824363167,-1.9656031542604437,-1.796644582047199,-27.008623424014203,0.2883467328932421,-36.462240570855464,-36.462240570855464,101 days,101 days,15,13.333333333333334,12.435233160621761,-5.01378809869375,-1.7516745885906793,10 days,3 days,0.41265161393206934,-1.6554290161944385,-1.7250566280640776,-0.2565001917218134,ADXReversalStrategy_9p,ADAUSDT_f1d
2025-05-13 00:00:00+00:00,2025-08-31 00:00:00+00:00,110 days,32.432432432432435,7115.785250799998,10496.152060000002,443.5907891999999,-28.84214749200002,-2.241233883600433,-67.33624779901331,15.385802726290452,-67.66681471031984,-4.376518339465815,-2.014377523198201,-1.8467391675550422,-28.19307067294344,0.2896069097500306,-36.462240570855464,-36.462240570855464,101 days,101 days,14,14.285714285714285,12.435233160621761,-5.01378809869375,-1.7095648999557178,8 days,2 days,0.43682225973332495,-1.6065796980155096,-1.5915704686437024,-0.2541739318985426,ADXReversalStrategy_26p,ADAUSDT_f1d
2025-05-13 00:00:00+00:00,2025-08-31 00:00:00+00:00,110 days,1.8018018018018018,9525.8826448,10000.0,77.91495520000001,-4.741173552,-2.241233883600433,-14.76179321881217,5.251654152234829,-14.885469606603785,-2.810884492942157,-2.3882310722998663,-3.113531503731836,-4.730313098414098,0.004845747543516129,-4.741173551999999,-4.741173551999999,105 days,105 days,2,0.0,-2.0128998288798106,-2.014209076410034,-2.013554454831612,0 days,0 days,0.0,-2.0135544526449225,-89.07428057557617,,RSI7LongStrategy_4p,ADAUSDT_f1d
2025-05-13 00:00:00+00:00,2025-08-31 00:00:00+00:00,110 days,1.8018018018018018,9525.8826448,10000.0,77.91495520000001,-4.741173552,-2.241233883600433,-14.76179321881217,5.251654152234829,-14.885469606603785,-2.810884492942157,-2.3882310722998663,-3.113531503731836,-4.730313098414098,0.004845747543516129,-4.741173551999999,-4.741173551999999,105 days,105 days,2,0.0,-2.0128998288798106,-2.014209076410034,-2.013554454831612,0 days,0 days,0.0,-2.0135544526449225,-89.07428057557617,,RSI7LongStrategy_9p,ADAUSDT_f1d
2025-05-13 00:00:00+00:00,2025-08-31 00:00:00+00:00,110 days,1.8018018018018018,9525.8826448,10000.0,77.91495520000001,-4.741173552,-2.241233883600433,-14.76179321881217,5.251654152234829,-14.885469606603785,-2.810884492942157,-2.3882310722998663,-3.113531503731836,-4.730313098414098,0.004845747543516129,-4.741173551999999,-4.741173551999999,105 days,105 days,2,0.0,-2.0128998288798106,-2.014209076410034,-2.013554454831612,0 days,0 days,0.0,-2.0135544526449225,-89.07428057557617,,RSI7LongStrategy_26p,ADAUSDT_f1d
2025-05-13 00:00:00+00:00,2025-08-31 00:00:00+00:00,110 days,27.927927927927925,10099.130530999995,11753.769197,380.07396900000003,0.9913053099999524,-2.241233883600433,3.2968265044337253,36.226430111571936,3.3272908527373524,0.09100611057396485,0.13614619521509544,0.2341909361355768,1.5146067031505268,0.23348807858906553,-14.077515376278871,-6.6498236755558136,27 days,20 days,9,33.33333333333333,16.285153695225652,-5.012582781456965,0.5068772583869396,5 days,3 days,1.2886090321551906,0.8207647905166235,0.1833621147796872,0.04921944971692882,PsarStrategy_4p,ADAUSDT_f1d
2025-05-13 00:00:00+00:00,2025-08-31 00:00:00+00:00,110 days,36.03603603603604,9711.643454999998,13429.139309000002,377.979045,-2.883565450000024,-2.241233883600433,-9.173028826716155,45.261189720995354,-9.252437889474251,-0.20266875182163083,-0.267159055978168,-0.33136790688521356,-1.8822084758164719,0.4467882542338334,-27.682309107543446,-9.745427633270138,40 days,19 days,9,33.33333333333333,21.38698630136986,-5.012582781456965,0.07347141757210185,10 days,4 days,1.1271917957020712,0.42415047751450907,0.03277326329884382,0.009029274303151757,PsarStrategy_9p,ADAUSDT_f1d
2025-05-13 00:00:00+00:00,2025-08-31 00:00:00+00:00,110 days,38.73873873873874,10233.798736999994,14146.398949,390.682763,2.337987369999937,-2.241233883600433,7.895697664150125,54.530574075000516,7.970264448607556,0.1447939582167337,0.22998949484092507,0.2854768774872082,3.364940066892953,0.4582086253502766,-27.657923589639655,-6.984789118901862,40 days,14 days,9,33.33333333333333,27.859589041095887,-5.012582781456965,0.6527771949196071,13 days,4 days,1.3428547656922805,1.1433285597062903,0.1898353006377642,0.05258742866381827,PsarStrategy_26p,ADAUSDT_f1d
2025-05-13 04:00:00+00:00,2025-08-31 16:00:00+00:00,110 days 12:00:00,58.952129664530716,4192.620226800014,10007.5375,6929.657893199999,-58.07379773199985,33.572982396593495,-93.95578150286687,1.8941477815585521,-94.33752254398797,-49.60319486030689,-3.3505698729655657,-1.6169894816307717,-56.99226515060104,-0.032214373111771895,-58.10537580498685,-29.375750402493424,110 days 02:00:00,55 days 02:00:00,283,50.17667844522968,5.001175059062179,-3.2088343442225553,0.07430077969221571,0 days 05:00:00,0 days 05:00:00,1.2511447297655516,0.07945461250103042,1.1897548375899114,0.08933610508724227,ADXReversalStrategy_4p,BNBUSDT_f1h
2025-05-13 04:00:00+00:00,2025-08-31 16:00:00+00:00,110 days 12:00:00,76.0271390878251,4789.888920800023,10007.5375,6194.712379199999,-52.10111079199977,33.572982396593495,-90.38637722437215,3.920519490597573,-91.20853168836325,-23.054694012143603,-2.828370439877217,-1.6992206255399627,-49.652826402057876,-0.07292424488895904,-53.192843746026206,-26.919484373013102,110 days 02:00:00,55 days 02:00:00,236,54.23728813559322,5.001175059062179,-3.0947989671707754,0.0700429433186045,0 days 10:00:00,0 days 08:00:00,1.1700849008093288,0.07945168670060548,0.7835501972421693,0.06884856174953158,ADXReversalStrategy_9p,BNBUSDT_f1h
2025-05-13 04:00:00+00:00,2025-08-31 16:00:00+00:00,110 days 12:00:00,89.4082171127026,5768.092838000022,10007.5375,5356.283242000002,-42.319071619999775,33.572982396593495,-82.28772684230357,7.681818281963566,-83.75762674796854,-10.712011638639,-2.6105263448459906,-1.8102815261718348,-39.6506908674266,-0.07948000332683954,-45.45576235112764,-23.05094367556382,110 days 02:00:00,55 days 02:00:00,192,53.125,5.001175059062179,-5.000000000000004,0.10073623089430495,1 days 03:00:00,0 days 13:00:00,1.216161093742192,0.11252168132689061,0.7988983403172586,0.07604685403637151,ADXReversalStrategy_26p,BNBUSDT_f1h
2025-05-13 04:00:00+00:00,2025-08-31 16:00:00+00:00,110 days 12:00:00,2.7139087825103654,9910.430720000002,10019.088999999998,454.58928000000003,-0.895692799999979,33.572982396593495,-2.915228721619212,3.3843404813753315,-2.928224760667053,-0.861387539954171,-1.10084446977938,-0.9820561201939857,-1.9155404822509543,0.030377035623574956,-2.968495039818464,-1.5097008410635715,98 days 12:00:00,49 days 07:00:00,12,66.66666666666666,1.149106852483106,-0.4768522650482443,0.32842951470080095,0 days 05:00:00,0 days 05:00:00,4.4125863801179035,0.3298935608561815,2.0019608999267655,0.5115226423951964,RSI7LongStrategy_4p,BNBUSDT_f1h
2025-05-13 04:00:00+00:00,2025-08-31 16:00:00+00:00,110 days 12:00:00,4.787033546928006,10174.834981199998,10416.09232,474.03441880000014,1.7483498119999785,33.572982396593495,5.864945228815599,7.21131375003618,5.892250405971189,0.8132977474161589,1.1451107254888298,1.1881809664853804,0.048546082843589744,0.050630108135071746,-4.936070677991089,-0.8971348303584185,32 days 02:00:00,8 days 05:00:00,12,75.0,1.8682020211753692,-2.0000000000000018,0.5538059845599408,0 days 10:00:00,0 days 10:00:00,3.1238759637361437,0.5600860785606409,1.6074747403933947,0.5022260807645071,RSI7LongStrategy_9p,BNBUSDT_f1h
2025-05-13 04:00:00+00:00,2025-08-31 16:00:00+00:00,110 days 12:00:00,10.817941952506596,10804.415653199998,10965.74084,481.31774680000007,8.04415653199998,33.572982396593495,28.97059600031986,14.148448928777006,29.119151890657456,2.047616395702259,4.532629838139133,5.22195000807449,4.918344354106349,0.09310498963031633,-5.547850124096132,-0.7599531282171608,32 days 02:00:00,4 days 02:00:00,12,75.0,3.405247430466618,-2.0012758589264545,1.069670888867491,1 days 03:00:00,0 days 23:00:00,4.140082252861185,1.0830913339158652,2.1678281770053016,0.5660200451970767,RSI7LongStrategy_26p,BNBUSDT_f1h
2025-05-13 04:00:00+00:00,2025-08-31 16:00:00+00:00,110 days 12:00:00,40.520165849981154,4540.947899999992,10078.747,5540.557400000002,-54.59052100000008,33.572982396593495,-92.63938051549626,2.0509591513764733,-92.62948979573234,-45.1688081907056,-3.4282944160481166,-1.6773359012173648,-65.71318473266065,0.33129805393128064,-55.23007076177235,-55.23007076177235,109 days 22:00:00,109 days 22:00:00,216,50.46296296296296,4.958201549658425,-3.626727631715687,0.009853495040923477,0 days 05:00:00,0 days 04:00:00,1.0427213430749867,0.015571752321525729,0.06947141419231662,0.006494171664562787,PsarStrategy_4p,BNBUSDT_f1h
2025-05-13 04:00:00+00:00,2025-08-31 16:00:00+00:00,110 days 12:00:00,56.539766302299284,5243.2420399999955,10078.747,5776.11232,-47.567579600000045,33.572982396593495,-88.19215395714298,3.62916471349573,-88.14800265925987,-24.300951023022986,-3.2794777358638294,-1.8244152211509053,-62.51342747922209,0.44517486420087987,-48.33995733795088,-48.33995733795088,109 days 22:00:00,109 days 22:00:00,216,41.66666666666667,5.977138465971854,-3.626727631715687,0.08034969580732465,0 days 10:00:00,0 days 06:00:00,1.2189042945717565,0.088623207944033,0.8581826197391043,0.06253330906753679,PsarStrategy_9p,BNBUSDT_f1h
2025-05-13 04:00:00+00:00,2025-08-31 16:00:00+00:00,110 days 12:00:00,60.874481718808894,5207.490819999998,10078.747,5891.3735400000005,-47.92509180000002,33.572982396593495,-88.45484189915084,3.5529836684757865,-88.41285247766228,-24.89593258870721,-3.284634192892315,-1.817303680690924,-64.51996207478382,0.49429240687498777,-48.6736712410779,-48.6736712410779,109 days 22:00:00,109 days 22:00:00,216,41.66666666666667,5.562383986354269,-3.626727631715687,0.07755361116210668,0 days 18:00:00,0 days 07:00:00,1.211265449746773,0.08553062844621596,0.9057843005399743,0.06576210128143739,PsarStrategy_26p,BNBUSDT_f1h
2025-05-13 00:00:00+00:00,2025-08-31 16:00:00+00:00,110 days 16:00:00,57.44360902255639,6819.640486400004,10081.1341,2387.6427136000007,-31.803595135999956,34.71406539653857,-71.59728716439453,6.8402865542564335,-71.70476427517393,-10.467001140448193,-3.516525478582633,-2.0773066525565906,-31.298243781175703,-0.014557538826168191,-34.466402481443005,-34.466402481443005,103 days 08:00:00,103 days 08:00:00,77,48.05194805194805,3.306451612903216,-3.7282584501892035,-0.11337600207222964,0 days 20:00:00,0 days 17:00:00,0.8409903724247892,-0.10241484269172811,-0.7929999619691511,-0.12380783929867872,ADXReversalStrategy_4p,BNBUSDT_f4h
2025-05-13 00:00:00+00:00,2025-08-31 16:00:00+00:00,110 days 16:00:00,69.02255639097744,6695.900958799995,10081.1341,1957.2404412,-33.04099041200005,34.71406539653857,-73.25701722315475,8.069151886591994,-73.36304524148755,-9.078651418729812,-3.033133739380256,-1.9560334758336644,-33.94764098412531,0.026117671951371643,-37.45182182627651,-37.45182182627651,103 days 08:00:00,103 days 08:00:00,65,41.53846153846154,6.267224175615316,-5.001432362342451,-0.25464325457602577,1 days 16:00:00,1 days 03:00:00,0.7597754669341114,-0.2313613501699563,-1.0333204673169485,-0.16494566073526068,ADXReversalStrategy_9p,BNBUSDT_f4h
2025-05-13 00:00:00+00:00,2025-08-31 16:00:00+00:00,110 days 16:00:00,74.28571428571429,6339.910757999994,10081.1341,1770.2575819999997,-36.600892420000065,34.71406539653857,-77.65438444602994,7.683097131469093,-77.75501800493517,-10.107172031961747,-2.9319783885919195,-1.799130175584836,-39.906974032352636,0.09523752330898788,-43.162182203290065,-43.162182203290065,103 days 08:00:00,103 days 08:00:00,61,40.98360655737705,6.267224175615316,-5.001432362342451,-0.38042905543642647,4 days 08:00:00,1 days 07:00:00,0.6966172340246265,-0.3510643002973132,-1.3532928822608787,-0.22589157160988127,ADXReversalStrategy_26p,BNBUSDT_f4h
2025-05-13 00:00:00+00:00,2025-08-31 16:00:00+00:00,110 days 16:00:00,1.3533834586466165,9760.7254,10050.734799999998,76.6746,-2.3927460000000065,34.71406539653857,-7.654849006877374,3.9908215835304337,-7.676997222832316,-1.9181135629986248,-1.8021344942757722,-2.6529090885387845,-3.113077537349279,0.020750422894032415,-2.885454703272039,-1.524303351636025,92 days,46 days 04:00:00,2,50.0,0.26612015171907366,-1.9984431841649664,-0.8726280447623358,0 days 20:00:00,0 days 14:00:00,0.13316373156251118,-0.8661615162229463,-0.7569832402234633,-3.114942528735625,RSI7LongStrategy_4p,BNBUSDT_f4h
2025-05-13 00:00:00+00:00,2025-08-31 16:00:00+00:00,110 days 16:00:00,2.1052631578947367,9838.419699999999,10092.426999999998,76.8303,-1.6158030000000145,34.71406539653857,-5.215680627398345,4.038971139044339,-5.23097227209075,-1.2913389197013245,-1.2697319037640078,-2.0723371331190936,-2.450630817446794,0.024048690578603975,-2.5168108721519533,-1.0187389792186474,70 days 12:00:00,23 days 02:00:00,2,50.0,1.0598923283983819,-1.9984431841649664,-0.48102301659394,1 days 16:00:00,1 days,0.5303589998437956,-0.46927542788329224,-0.2895950794464425,-0.40764790764791714,RSI7LongStrategy_9p,BNBUSDT_f4h
2025-05-13 00:00:00+00:00,2025-08-31 16:00:00+00:00,110 days 16:00:00,4.661654135338346,9922.897399999998,10235.684799999999,79.5226,-0.7710260000000199,34.71406539653857,-2.513063760513956,4.864263149339907,-2.520537023504632,-0.5166381183252772,-0.5613413081066387,-0.8223773890803624,-2.0698984545964603,0.03741631640545202,-3.055852208344678,-1.3430672913217734,88 days 12:00:00,18 days 09:00:00,2,50.0,2.0769607243362076,-1.9984431841649664,0.018503618149567913,4 days 12:00:00,2 days 10:00:00,1.0392893532292484,0.03925877008562062,0.005975603733513399,0.005940108001959432,RSI7LongStrategy_26p,BNBUSDT_f4h
2025-05-13 00:00:00+00:00,2025-08-31 16:00:00+00:00,110 days 16:00:00,43.007518796992485,7960.057299999989,10000.0,1820.9127000000003,-20.399427000000113,34.71406539653857,-52.77370439895612,11.396550543004553,-52.88030102471934,-4.630673483157564,-2.8760110555895984,-2.3183506232848567,-31.46671233097,0.3188127119237793,-22.763469800000045,-22.763469800000045,109 days 08:00:00,109 days 08:00:00,56,51.78571428571429,4.670364301021057,-3.9518194176598853,-0.02791072144262552,0 days 20:00:00,0 days 17:00:00,0.9828125690950907,-0.01164967605517403,-0.2011257775136587,-0.038856183177865544,PsarStrategy_4p,BNBUSDT_f4h
2025-05-13 00:00:00+00:00,2025-08-31 16:00:00+00:00,110 days 16:00:00,57.74436090225564,8770.139520000002,10000.0,1891.3564800000001,-12.298604799999975,34.71406539653857,-35.04853527052838,18.80255220181271,-35.132903616466024,-1.864030738717983,-1.7366258851739544,-1.857312900497029,-29.11458144781086,0.4844139243192083,-18.870560400000002,-18.870560400000002,109 days 08:00:00,109 days 08:00:00,55,45.45454545454545,5.405269128955004,-3.9518194176598853,0.14931434962914825,1 days 16:00:00,1 days,1.2391627630904103,0.17185590935974343,0.45481591206424365,0.06882529458282222,PsarStrategy_9p,BNBUSDT_f4h
2025-05-13 00:00:00+00:00,2025-08-31 16:00:00+00:00,110 days 16:00:00,61.503759398496236,8457.371419999996,10000.0,1864.38298,-15.426285800000041,34.71406539653857,-42.35932864454739,16.864275579393475,-42.45490189282892,-2.511778726879109,-2.0629067541442354,-2.218991966197038,-32.78355587293854,0.5000068379968322,-19.089446600000016,-19.089446600000016,109 days 08:00:00,109 days 08:00:00,55,45.45454545454545,5.6261538461538585,-3.9518194176598853,0.07893973618005035,2 days 08:00:00,1 days 02:00:00,1.1387427348856116,0.09969678625016964,0.21997060477605057,0.03483111114993487,PsarStrategy_26p,BNBUSDT_f4h
2025-05-12 00:00:00+00:00,2025-08-31 00:00:00+00:00,111 days,30.357142857142854,8232.72525320001,10000.0,540.6099468000001,-17.67274746799991,29.933188904207114,-46.94055570548996,9.676635094063558,-47.24263675581691,-4.8509172092566715,-2.9765861281138597,-2.2547488571304792,-10.444518842015757,-0.24147873616526777,-20.81852954799993,-20.81852954799993,102 days,102 days,16,18.75,5.0011799629864235,-2.001415408525764,-0.8837220970191906,5 days,2 days,0.4322992137548914,-0.8572555958309503,-1.6428379185329818,-0.29222600111449093,ADXReversalStrategy_4p,BNBUSDT_f1d
2025-05-12 00:00:00+00:00,2025-08-31 00:00:00+00:00,111 days,31.25,8041.422727200006,10000.0,534.9494728,-19.585772727999938,29.933188904207114,-50.85417155927301,9.231277376386954,-51.1676909155192,-5.5088986589607725,-3.113365457090437,-2.2371620414357167,-11.93420029487023,-0.2556216932855516,-22.73155480799993,-22.73155480799993,102 days,102 days,16,12.5,5.0011799629864235,-2.0015371168510265,-1.036331046881911,6 days,2 days,0.3822340151144847,-1.0101365596936356,-1.9200068521277096,-0.23764977302944684,ADXReversalStrategy_9p,BNBUSDT_f1d
2025-05-12 00:00:00+00:00,2025-08-31 00:00:00+00:00,111 days,31.25,8041.422727200006,10000.0,534.9494728,-19.585772727999938,29.933188904207114,-50.85417155927301,9.231277376386954,-51.1676909155192,-5.5088986589607725,-3.113365457090437,-2.2371620414357167,-11.93420029487023,-0.2556216932855516,-22.73155480799993,-22.73155480799993,102 days,102 days,16,12.5,5.0011799629864235,-2.0015371168510265,-1.036331046881911,6 days,2 days,0.3822340151144847,-1.0101365596936356,-1.9200068521277096,-0.23764977302944684,ADXReversalStrategy_26p,BNBUSDT_f1d
2025-05-12 00:00:00+00:00,2025-08-31 00:00:00+00:00,111 days,0.0,10000.0,10000.0,0.0,29.933188904207114,0.0,0.0,0.0,,,,0.0,0.0,-0.0,,,,0,,,,,,,,,,,RSI7LongStrategy_4p,BNBUSDT_f1d
2025-05-12 00:00:00+00:00,2025-08-31 00:00:00+00:00,111 days,0.0,10000.0,10000.0,0.0,29.933188904207114,0.0,0.0,0.0,,,,0.0,0.0,-0.0,,,,0,,,,,,,,,,,RSI7LongStrategy_9p,BNBUSDT_f1d
2025-05-12 00:00:00+00:00,2025-08-31 00:00:00+00:00,111 days,0.0,10000.0,10000.0,0.0,29.933188904207114,0.0,0.0,0.0,,,,0.0,0.0,-0.0,,,,0,,,,,,,,,,,RSI7LongStrategy_26p,BNBUSDT_f1d
2025-05-12 00:00:00+00:00,2025-08-31 00:00:00+00:00,111 days,39.285714285714285,10663.539860000003,11625.287060000002,323.98661999999996,6.635398600000025,29.933188904207114,23.290228868682217,29.06852666983427,23.523001441485402,0.8012180711192199,1.5421653262747423,2.8152470450813887,-4.7354369973777946,0.3798738461767983,-8.272889908320247,-4.0617186645482475,30 days,16 days,8,75.0,8.130000987849462,-5.000000000000004,1.4780796122984663,5 days,5 days,2.4910225050871455,1.5694832644632062,0.8914976460814468,0.4272427167852614,PsarStrategy_4p,BNBUSDT_f1d
2025-05-12 00:00:00+00:00,2025-08-31 00:00:00+00:00,111 days,58.03571428571429,10671.447240000001,11633.194440000003,321.38924000000003,6.714472400000012,29.933188904207114,23.588422533212917,32.60847479086736,23.8244528801431,0.7233831905507986,1.3860596644600236,2.8532311387206812,-7.547838838200436,0.47647149402768374,-8.26726661331384,-4.20821627252114,44 days,16 days,8,62.5,8.7678694909753,-5.000000000000004,1.464547881823286,10 days,8 days,2.1348443295411714,1.5727397454257608,0.8314141804250759,0.3187356487404788,PsarStrategy_9p,BNBUSDT_f1d
2025-05-12 00:00:00+00:00,2025-08-31 00:00:00+00:00,111 days,59.82142857142857,10536.425659999997,11498.172859999999,318.46082,5.364256599999972,29.933188904207114,18.564825820038777,31.67894551582146,18.74686060752808,0.5860304223436642,1.0701652317226225,2.219518563657858,-9.135499094649916,0.4844039751679095,-8.364348072603267,-4.229033470255428,44 days,16 days,8,62.5,8.7678694909753,-5.000000000000004,1.3222230554843284,12 days,8 days,2.0304952754295145,1.428126162287588,0.7456050471925004,0.29972564309079563,PsarStrategy_26p,BNBUSDT_f1d
2025-05-13 05:00:00+00:00,2025-08-31 16:00:00+00:00,110 days 11:00:00,58.898944193061844,3089.8527863516124,10000.0,7277.977609448402,-69.10147213648388,6.289831440472337,-97.75985960549419,0.6026278093061825,-97.93678931598136,-162.22261584318034,-3.186678771326397,-1.4130579751528547,-69.0291874249986,-0.011492312976808541,-69.18319087008388,-69.18319087008388,110 days 02:00:00,110 days 02:00:00,291,52.92096219931272,3.6064277415929658,-2.603660711888023,-0.007854708371568542,0 days 05:00:00,0 days 05:00:00,0.985333174130286,-0.004392823988030908,0.36275604031238234,0.03336067538078208,ADXReversalStrategy_4p,BTCUSDT_f1h
2025-05-13 05:00:00+00:00,2025-08-31 16:00:00+00:00,110 days 11:00:00,74.81146304675717,3540.328088897991,10198.535261757193,6220.528805381997,-64.59671911102008,6.289831440472337,-96.59166966479418,0.9650336619540307,-96.76515615288916,-100.09150299401195,-3.3231743019920033,-1.4707973610444587,-64.46590419217577,-0.02079784173588107,-65.67299631011132,-14.549244499517036,101 days 17:00:00,22 days 01:00:00,240,54.58333333333333,3.6064277415929658,-3.5450183853764528,-0.03771937167813544,0 days 10:00:00,0 days 08:00:00,0.9191911541410468,-0.03234241753499123,-0.2137283031957339,-0.022171081043034224,ADXReversalStrategy_9p,BTCUSDT_f1h
2025-05-13 05:00:00+00:00,2025-08-31 16:00:00+00:00,110 days 11:00:00,91.289592760181,4129.735856448798,10508.601920523586,5847.245840931199,-58.70264143551203,6.289831440472337,-94.34466500794618,1.8641064955425266,-94.61918072066777,-50.61119910989219,-3.090284712391377,-1.5455635263948646,-58.681203358068174,-0.0034083707404157036,-61.04224342561431,-7.054329838070834,95 days 14:00:00,10 days,203,58.620689655172406,3.6064277415929658,-3.8565124389814187,-0.040738004151585905,1 days 03:00:00,0 days 12:00:00,0.9285522394026984,-0.0334427061925823,-0.021515766960782733,-0.0024713821810412595,ADXReversalStrategy_26p,BTCUSDT_f1h
2025-05-13 05:00:00+00:00,2025-08-31 16:00:00+00:00,110 days 11:00:00,3.808446455505279,9250.880385519997,10166.35976874,660.95677448,-7.491196144800033,6.289831440472337,-22.589446909272926,5.566691393402828,-22.686583080785805,-4.057966449522247,-3.210778435125234,-2.508548509839369,-7.760239246534445,0.0427742943957506,-9.00498707546198,-2.522883451751606,74 days 21:00:00,24 days 22:00:00,17,47.05882352941176,1.2140084149191654,-1.4339174098917606,-0.060474100456042734,0 days 05:00:00,0 days 05:00:00,0.8084876872215048,-0.05827716190325685,-0.3224730799392394,-0.10101032564154522,RSI7LongStrategy_4p,BTCUSDT_f1h
2025-05-13 05:00:00+00:00,2025-08-31 16:00:00+00:00,110 days 11:00:00,6.4479638009049784,9222.067905279995,10235.78402972,660.8719547200001,-7.779320947200049,6.289831440472337,-23.379432799187107,5.63433482484054,-23.479426854975095,-4.149457482738218,-3.379844700101735,-2.3606887480657246,-8.192421329562228,0.06567749649125033,-9.903649016984339,-2.042158152237337,79 days 23:00:00,16 days 15:00:00,17,47.05882352941176,1.609726593017502,-1.2630461614731026,-0.07939556170311057,0 days 10:00:00,0 days 10:00:00,0.8144106720002903,-0.07567754997108253,-0.3275522303661028,-0.09954805409697887,RSI7LongStrategy_9p,BTCUSDT_f1h
2025-05-13 05:00:00+00:00,2025-08-31 16:00:00+00:00,110 days 11:00:00,13.800904977375566,9475.9750228916,10340.795288799998,665.4644513083998,-5.240249771084,6.289831440472337,-16.221483044645414,9.32206157335764,-16.294166460573813,-1.7401175605840506,-1.8684372004601384,-1.7504562294226744,-6.235817138092367,0.15828204244112543,-9.267002951565084,-1.5941792885454455,79 days 23:00:00,12 days 11:00:00,17,58.82352941176471,3.323129105250633,-2.0000091598587066,0.0806585547270311,1 days 03:00:00,0 days 21:00:00,1.1652403001709977,0.09168007407114778,0.22774882656673873,0.0774527436022413,RSI7LongStrategy_26p,BTCUSDT_f1h
2025-05-13 05:00:00+00:00,2025-08-31 16:00:00+00:00,110 days 11:00:00,41.17647058823529,4381.156525200004,10082.456156799999,5679.295999599997,-56.18843474799996,6.289831440472337,-93.4129418376199,1.4914552221842998,-93.45874444252487,-62.63207935992383,-3.7727616704516294,-1.651959994060509,-58.63280093396363,0.38862189060190516,-56.54673368209806,-56.54673368209806,109 days 21:00:00,109 days 21:00:00,215,44.651162790697676,2.9801231450522714,-2.192250952084407,0.013228733876347043,0 days 05:00:00,0 days 05:00:00,1.0593550546890667,0.016351979302905415,0.07922587990541613,0.006988268682974752,PsarStrategy_4p,BTCUSDT_f1h
2025-05-13 05:00:00+00:00,2025-08-31 16:00:00+00:00,110 days 11:00:00,56.07088989441931,4091.454512220012,10082.456156799999,5603.54828472,-59.08545487779987,6.289831440472337,-94.73488799144546,1.3204754372627212,-94.7822466020408,-71.7430141584656,-3.5728599843496385,-1.5943249749517825,-62.23176389921596,0.5002215164576524,-59.42006145535702,-59.42006145535702,109 days 21:00:00,109 days 21:00:00,215,39.53488372093023,3.9039777591526548,-2.192250952084407,-0.019226818156958814,0 days 10:00:00,0 days 06:00:00,0.9481091960346817,-0.015860244952826185,-0.35895386090332176,-0.028906674954264522,PsarStrategy_9p,BTCUSDT_f1h
2025-05-13 05:00:00+00:00,2025-08-31 16:00:00+00:00,110 days 11:00:00,59.087481146304675,4256.26134988001,10082.456156799999,5760.603162300001,-57.437386501199896,6.289831440472337,-94.00480103284666,1.5963925415186302,-94.05494206756195,-58.88576812280829,-3.5447530925562334,-1.626789553649403,-60.739527452808204,0.5249967320841797,-57.78547128112803,-57.78547128112803,109 days 21:00:00,109 days 21:00:00,215,39.53488372093023,5.909657703953242,-2.192250952084407,-0.00014790788688268108,0 days 21:00:00,0 days 07:00:00,1.0132833435173632,0.004060008053040037,0.022228006409136393,0.0018519769310802459,PsarStrategy_26p,BTCUSDT_f1h
2025-05-13 04:00:00+00:00,2025-08-31 16:00:00+00:00,110 days 12:00:00,56.77710843373494,7014.952615287987,10002.0109024,2335.6401287119993,-29.850473847120128,6.101855053547684,-68.83372045370514,7.123596620290115,-68.99769792993442,-9.66277628040396,-3.56814296281188,-2.2902303413481038,-30.399261002881033,0.08993775678788604,-30.055370069539546,-30.055370069539546,109 days 08:00:00,109 days 08:00:00,71,43.66197183098591,4.1321199638610695,-3.169966085004694,-0.10174858426846844,0 days 20:00:00,0 days 18:00:00,0.8328091218841006,-0.09236649971841476,-0.6860587811290455,-0.10816970487904287,ADXReversalStrategy_4p,BTCUSDT_f4h
2025-05-13 04:00:00+00:00,2025-08-31 16:00:00+00:00,110 days 12:00:00,70.48192771084338,6680.843854712399,10002.0109024,1955.6852602676004,-33.19156145287601,6.101855053547684,-73.45425696806349,7.146697862134974,-73.61309047065139,-10.278069450402102,-3.2916169370623387,-2.200270120590362,-33.915407929409895,0.11862728140568282,-33.38419964015815,-33.38419964015815,109 days 08:00:00,109 days 08:00:00,59,44.06779661016949,6.523972559447855,-4.336664946062651,-0.28100260674939204,1 days 16:00:00,1 days 06:00:00,0.6951257782024615,-0.2635863552493701,-1.1134832082227035,-0.20281788507632453,ADXReversalStrategy_9p,BTCUSDT_f4h
2025-05-13 04:00:00+00:00,2025-08-31 16:00:00+00:00,110 days 12:00:00,83.58433734939759,7303.813155535394,10002.0109024,1814.5197718246004,-26.961868444646058,6.101855053547684,-64.41131612262875,10.655711254159364,-64.57729970416415,-6.044769287220161,-2.805575862750517,-2.3703824103246713,-27.879483712273853,0.1503829998541648,-27.173385965940543,-27.173385965940543,109 days 08:00:00,109 days 08:00:00,52,51.92307692307693,3.9771213555554796,-5.000008019168356,-0.19969465819558163,4 days 12:00:00,1 days 18:00:00,0.8082544494772853,-0.17822309729086683,-0.6513137237312355,-0.13083397627324067,ADXReversalStrategy_26p,BTCUSDT_f4h
2025-05-13 04:00:00+00:00,2025-08-31 16:00:00+00:00,110 days 12:00:00,0.9036144578313252,10115.55464096,10135.6737624,39.92727904,1.1555464095999923,6.101855053547684,3.85025642090584,2.1859894878816406,3.8680110850140004,1.7613334566567276,inf,19.396941909350833,1.1402555339304683,0.0025059388555343978,-0.19849811578028786,-0.19849811578028786,28 days,28 days,1,100.0,1.5698776548506377,1.5698776548506377,1.5698776548506377,0 days 20:00:00,0 days 20:00:00,,1.5698776548506377,,,RSI7LongStrategy_4p,BTCUSDT_f4h
2025-05-13 04:00:00+00:00,2025-08-31 16:00:00+00:00,110 days 12:00:00,1.6566265060240966,10160.59254464,10180.8010424,40.01753536,1.6059254463999968,6.101855053547684,5.378444714822672,2.5068542597719445,5.403427574054809,2.1454955723321403,inf,27.09596537528803,1.5868728993224785,0.0031224188235085947,-0.19849614657863057,-0.14251083035962858,27 days 04:00:00,9 days 07:00:00,1,100.0,2.0255299261148885,2.0255299261148885,2.0255299261148885,1 days 16:00:00,1 days 16:00:00,,2.0255299261148885,,,RSI7LongStrategy_9p,BTCUSDT_f4h
2025-05-13 04:00:00+00:00,2025-08-31 16:00:00+00:00,110 days 12:00:00,4.216867469879518,10309.325123359999,10329.8316824,40.315596639999995,3.0932512335999856,6.101855053547684,10.536276372875509,4.292562534008375,10.586390960009107,2.4545423134550783,7.246396239225798,5.7583562712253,2.912974526440266,0.02954457383495281,-1.8297367992886504,-0.5075755828128266,24 days 08:00:00,4 days 16:00:00,1,100.0,3.5302699732154608,3.5302699732154608,3.5302699732154608,4 days 12:00:00,4 days 12:00:00,,3.5302699732154608,,,RSI7LongStrategy_26p,BTCUSDT_f4h
2025-05-13 04:00:00+00:00,2025-08-31 16:00:00+00:00,110 days 12:00:00,39.75903614457831,7779.58894014,10496.806623740002,1907.0713710000005,-22.2041105986,6.101855053547684,-56.20404205614676,9.102420321652351,-56.367353091611164,-6.174626096144076,-3.370944392471434,-2.116156375213592,-24.58458419695512,0.3901229343314357,-26.559493766368693,-5.18822824207964,101 days 16:00:00,18 days,53,45.28301886792453,5.756756223049608,-3.388694940386072,-0.07471196800525881,0 days 20:00:00,0 days 16:00:00,0.8902743749464626,-0.06329260349855481,-0.3040087105614465,-0.056315155237868786,PsarStrategy_4p,BTCUSDT_f4h
2025-05-13 04:00:00+00:00,2025-08-31 16:00:00+00:00,110 days 12:00:00,54.21686746987952,8304.308836179991,10671.471382679998,1926.55161166,-16.95691163820009,6.101855053547684,-45.71915267734329,13.082096003457478,-45.869015687384675,-3.4947880420125443,-2.5370075750314647,-1.9630227474399358,-20.09633477074993,0.5145030658708526,-23.29017976840444,-3.618755489372219,101 days 16:00:00,13 days 12:00:00,53,41.509433962264154,5.676044176202155,-3.388694940386072,0.05055056425022908,1 days 16:00:00,1 days,1.1071702299925605,0.06506990917809946,0.21156207848976696,0.031266370344651295,PsarStrategy_9p,BTCUSDT_f4h
2025-05-13 04:00:00+00:00,2025-08-31 16:00:00+00:00,110 days 12:00:00,58.13253012048193,8244.021800019997,10671.471382679998,1931.2673604800002,-17.559781999800034,6.101855053547684,-47.00422002179072,12.907857937546261,-47.156264343540485,-3.641519781920226,-2.5770165599699753,-2.0151415730422477,-20.77323152626382,0.5266348509205332,-23.325517497427594,-3.6231727055001133,101 days 16:00:00,13 days 12:00:00,53,41.509433962264154,5.2921857757950885,-3.388694940386072,0.03458559146394258,3 days 04:00:00,1 days 02:00:00,1.0808604466646157,0.04909555499631143,0.1619312550384448,0.024389175633312665,PsarStrategy_26p,BTCUSDT_f4h
2025-05-13 00:00:00+00:00,2025-08-31 00:00:00+00:00,110 days,45.94594594594595,9197.06625717679,10329.42775248,611.2527080232001,-8.029337428232102,3.9793294610413503,-24.060371366826196,14.762840322409657,-24.250142758671966,-1.6297928339916472,-1.7423244386347694,-1.6247904685031986,-7.748125169542115,-0.07066825238853096,-14.808291797151707,-14.808291797151707,93 days,93 days,16,43.75,5.070259291764478,-4.157976279908471,-0.12378955914070788,5 days,3 days,0.9294232887133562,-0.08500209599453246,-0.17020211230020849,-0.04842236429359886,ADXReversalStrategy_4p,BTCUSDT_f1d
2025-05-13 00:00:00+00:00,2025-08-31 00:00:00+00:00,110 days,52.25225225225225,9111.302079624194,10457.124085336,564.8453800758,-8.886979203758056,3.9793294610413503,-26.364226566681936,16.39189092924235,-26.56880943412573,-1.6083700581273033,-1.7044624571498102,-1.4204622850587456,-8.754678447646027,-0.03324699736658827,-18.56031437370518,-10.114041328975748,84 days,45 days,15,33.33333333333333,5.070259291764478,-5.000000000000004,-0.21865480583441732,10 days,4 days,0.8900583350087773,-0.166048254700338,-0.25575207749031775,-0.056592060664127086,ADXReversalStrategy_9p,BTCUSDT_f1d
2025-05-13 00:00:00+00:00,2025-08-31 00:00:00+00:00,110 days,52.25225225225225,9111.302079624194,10457.124085336,564.8453800758,-8.886979203758056,3.9793294610413503,-26.364226566681936,16.39189092924235,-26.56880943412573,-1.6083700581273033,-1.7044624571498102,-1.4204622850587456,-8.754678447646027,-0.03324699736658827,-18.56031437370518,-10.114041328975748,84 days,45 days,15,33.33333333333333,5.070259291764478,-5.000000000000004,-0.21865480583441732,10 days,4 days,0.8900583350087773,-0.166048254700338,-0.25575207749031775,-0.056592060664127086,ADXReversalStrategy_26p,BTCUSDT_f1d
2025-05-13 00:00:00+00:00,2025-08-31 00:00:00+00:00,110 days,0.0,10000.0,10000.0,0.0,3.9793294610413503,0.0,0.0,0.0,,,,0.0,0.0,-0.0,,,,0,,,,,,,,,,,RSI7LongStrategy_4p,BTCUSDT_f1d
2025-05-13 00:00:00+00:00,2025-08-31 00:00:00+00:00,110 days,0.0,10000.0,10000.0,0.0,3.9793294610413503,0.0,0.0,0.0,,,,0.0,0.0,-0.0,,,,0,,,,,,,,,,,RSI7LongStrategy_9p,BTCUSDT_f1d
2025-05-13 00:00:00+00:00,2025-08-31 00:00:00+00:00,110 days,0.0,10000.0,10000.0,0.0,3.9793294610413503,0.0,0.0,0.0,,,,0.0,0.0,-0.0,,,,0,,,,,,,,,,,RSI7LongStrategy_26p,BTCUSDT_f1d
2025-05-13 00:00:00+00:00,2025-08-31 00:00:00+00:00,110 days,43.24324324324324,8591.443336940005,10467.69992578,411.80965306,-14.085566630599953,3.9793294610413503,-39.29975724250225,11.454121573742933,-39.57461421490691,-3.4310581557464674,-2.619444108176254,-2.192546949161412,-15.507547171241622,0.35734174678503566,-17.924248900363715,-9.470573371281866,101 days,52 days,11,36.36363636363637,2.266131117861092,-3.7217867774629987,-0.9815341405688738,5 days,4 days,0.3320148156723044,-0.9612876281924442,-1.531736659039028,-0.7438025354791463,PsarStrategy_4p,BTCUSDT_f1d
2025-05-13 00:00:00+00:00,2025-08-31 00:00:00+00:00,110 days,54.95495495495496,9527.384884900002,10744.663035840002,439.5386651,-4.726151150999977,3.9793294610413503,-14.717583609897588,20.670984259699956,-14.840922716233107,-0.7119923959591471,-0.8647601596883413,-1.2990907334370276,-7.018534960543597,0.5760728866475227,-11.329142169276363,-5.114145540566659,49 days,26 days,11,45.45454545454545,8.670803433725304,-3.7217867774629987,-0.04328714167848302,10 days,5 days,1.0126698458901218,0.017537416392666604,-0.027096423443324996,-0.009938391195925877,PsarStrategy_9p,BTCUSDT_f1d
2025-05-13 00:00:00+00:00,2025-08-31 00:00:00+00:00,110 days,56.75675675675676,9421.672020360003,10812.57163584,436.98273964000003,-5.783279796399966,3.9793294610413503,-17.78986795886891,20.123706121457708,-17.93614019358307,-0.8840254300821732,-1.0279385667024257,-1.3829482700016689,-8.122235286936844,0.5877762857878064,-12.863726246859141,-5.497791559962353,49 days,26 days,11,45.45454545454545,7.4584360582223175,-3.7217867774629987,-0.14518219361030482,12 days,5 days,0.9330452438604897,-0.09267779956215043,-0.12536700337613105,-0.04614176987435675,PsarStrategy_26p,BTCUSDT_f1d
2025-05-13 05:00:00+00:00,2025-08-31 16:00:00+00:00,110 days 11:00:00,57.84313725490197,2658.6580505999773,10234.252045999998,6346.671269400003,-73.41341949400024,82.52842126747626,-98.71730210654835,0.5453193443585945,-98.74441250081092,-181.02659135017444,-2.2845018909976047,-1.3230268084644445,-86.11303935924948,0.1538817739417252,-74.6147405895149,-26.24997661976829,108 days,36 days 14:00:00,303,47.85478547854785,7.989575559646944,-5.000371182195762,-0.04886777090673533,0 days 05:00:00,0 days 05:00:00,0.9317694930954353,-0.03794905331817702,-0.6978945236455263,-0.05947558959670407,ADXReversalStrategy_4p,ETHUSDT_f1h
2025-05-13 05:00:00+00:00,2025-08-31 16:00:00+00:00,110 days 11:00:00,72.1342383107089,2809.7477623600034,10306.067474,5082.955241640003,-71.90252237639997,82.52842126747626,-98.46163549240453,0.8147363717515631,-98.4928067697886,-120.85091436476135,-2.0314884302709175,-1.3248850245111063,-85.12881451150568,0.16026348174332608,-74.31711708624505,-20.002700450898164,108 days,27 days 10:00:00,262,49.23664122137404,7.989575559646944,-5.000417683395986,-0.09714196735556291,0 days 10:00:00,0 days 07:00:00,0.8920951980302639,-0.07966815330199337,-1.2902851541391236,-0.12876646889281285,ADXReversalStrategy_9p,ETHUSDT_f1h
2025-05-13 05:00:00+00:00,2025-08-31 16:00:00+00:00,110 days 11:00:00,83.3710407239819,2584.612062099983,10367.610314,4273.008107900001,-74.15387937900017,82.52842126747626,-98.8310752168426,0.698554713854495,-98.85630200654332,-141.47936196938835,-1.8675277574857687,-1.2938228075371516,-89.20099657969301,0.18232648788863695,-76.38687047492375,-12.188650352740334,108 days,15 days 16:00:00,227,47.136563876651984,9.595384858542722,-5.000417683395986,-0.21747725153787867,1 days 03:00:00,0 days 10:00:00,0.795656286305588,-0.19170063787047445,-1.7905112278017503,-0.19697291321200805,ADXReversalStrategy_26p,ETHUSDT_f1h
2025-05-13 05:00:00+00:00,2025-08-31 16:00:00+00:00,110 days 11:00:00,2.6018099547511313,9654.637781479994,10194.75544,502.70547852000004,-3.453622185200056,82.52842126747626,-10.914398346731403,5.752106962559546,-10.964872895630705,-1.897460950878209,-1.9901286437373524,-1.5236714083855667,-5.6483315556875695,0.026593376400287805,-7.163223177033917,-4.108147765180697,74 days 21:00:00,53 days 06:00:00,13,69.23076923076923,2.015986019866256,-2.0000000000000018,0.127144350355346,0 days 05:00:00,0 days 05:00:00,1.3598538869468328,0.13258537375931198,0.41845244331318426,0.17521191633119226,RSI7LongStrategy_4p,ETHUSDT_f1h
2025-05-13 05:00:00+00:00,2025-08-31 16:00:00+00:00,110 days 11:00:00,4.260935143288084,9144.241610319996,10107.037320000003,490.69722968,-8.557583896800043,82.52842126747626,-25.485221924020664,8.411699992927273,-25.592636994210395,-3.0297350054625287,-2.4226959576888234,-2.407992750697361,-11.607048240141296,0.03695047471534537,-10.58359578393252,-6.068551866217104,74 days 21:00:00,53 days 06:00:00,13,38.46153846153847,2.471017430077027,-2.0002708439275874,-0.30234843636965936,0 days 10:00:00,0 days 08:00:00,0.60099620507683,-0.29206404114781637,-0.7198867799030941,-0.26202049848477454,RSI7LongStrategy_9p,ETHUSDT_f1h
2025-05-13 05:00:00+00:00,2025-08-31 16:00:00+00:00,110 days 11:00:00,8.597285067873303,8883.395226159992,10308.357839999999,489.52369384,-11.166047738400083,82.52842126747626,-32.249441925246416,9.07408943293788,-32.37867039613621,-3.5540141149793745,-2.541033167818068,-2.0610335024270636,-16.40794223089059,0.06351623370452493,-15.647218682893616,-4.7547788260160235,74 days 11:00:00,26 days 15:00:00,13,46.15384615384615,2.5030401297121863,-2.0002708439275874,-0.5287963905487358,1 days 03:00:00,0 days 17:00:00,0.4465245243960062,-0.5177238664263357,-1.1746195687399201,-0.5549618457750786,RSI7LongStrategy_26p,ETHUSDT_f1h
2025-05-13 05:00:00+00:00,2025-08-31 16:00:00+00:00,110 days 11:00:00,40.42232277526395,6147.682768599975,10000.0,5732.381783400002,-38.52317231400025,82.52842126747626,-79.80600090713321,8.018783814025833,-79.96380384376302,-9.95238215146077,-2.7258647965128793,-1.8748299261483061,-63.142121886668335,0.29830874254673523,-42.567061574000206,-42.567061574000206,109 days 09:00:00,109 days 09:00:00,209,53.110047846889955,5.835202791724536,-5.000000000000004,0.1651453063251207,0 days 05:00:00,0 days 05:00:00,1.3875428191884653,0.1763559844666746,1.2244784353970548,0.11419002735380546,PsarStrategy_4p,ETHUSDT_f1h
2025-05-13 05:00:00+00:00,2025-08-31 16:00:00+00:00,110 days 11:00:00,57.39064856711915,5671.700832799986,10000.0,5585.996015199997,-43.28299167200014,82.52842126747626,-84.50689808162292,6.470387841744077,-84.6479289953319,-13.060561460693568,-2.696661128274221,-1.9170348513694637,-79.71726995152986,0.44147552709684684,-44.08208751200016,-44.08208751200016,109 days 09:00:00,109 days 09:00:00,209,46.411483253588514,5.61329894019329,-5.000000000000004,0.12620162389196388,0 days 10:00:00,0 days 07:00:00,1.2490566181807659,0.14102703683140289,0.738351209377946,0.06156385524323493,PsarStrategy_9p,ETHUSDT_f1h
2025-05-13 05:00:00+00:00,2025-08-31 16:00:00+00:00,110 days 11:00:00,60.595776772247355,5877.722288799987,10000.0,5726.276163200003,-41.22277711200013,82.52842126747626,-82.57820642543648,8.045670932179666,-82.72685863681312,-10.2636818136763,-2.5671537158401057,-1.9620151947518938,-79.99549844139466,0.4698105299231566,-42.08846427200014,-42.08846427200014,109 days 09:00:00,109 days 09:00:00,209,45.45454545454545,7.754730742411975,-5.000000000000004,0.1412186903340995,0 days 19:00:00,0 days 07:00:00,1.2777010018582764,0.1575679728537526,0.8786108168883658,0.07269092492655188,PsarStrategy_26p,ETHUSDT_f1h
2025-05-13 04:00:00+00:00,2025-08-31 16:00:00+00:00,110 days 12:00:00,52.25903614457831,7071.708783299998,10356.912108879998,2824.5260267,-29.282912167000024,81.08561721772492,-67.9968489532434,15.472646262974399,-68.16141234346456,-4.394648969385277,-1.9716422372574045,-1.9244130342330386,-29.42384910784128,0.0017381250297796346,-35.333812307264424,-12.695954438818433,92 days,27 days 03:00:00,82,42.68292682926829,7.920185083256137,-5.000000000000004,-0.03960998847261088,0 days 20:00:00,0 days 14:00:00,0.993084902792396,-0.006967249587749383,-0.06633628302104935,-0.008234013017090147,ADXReversalStrategy_4p,ETHUSDT_f4h
2025-05-13 04:00:00+00:00,2025-08-31 16:00:00+00:00,110 days 12:00:00,62.80120481927711,6367.554751039998,10886.67072768,2719.56428496,-36.32445248960002,81.08561721772492,-77.33239242521142,11.727901385916702,-77.48411773367862,-6.593881537755341,-2.0832857366750415,-1.7071141776544874,-38.621097296781,0.028323701366349655,-45.30007039802301,-7.106996962046855,87 days,10 days 19:00:00,76,39.473684210526315,7.920185083256137,-5.000000000000004,-0.21337046428904216,1 days 16:00:00,0 days 20:00:00,0.8591183133453483,-0.17243147099155562,-0.42373098711901364,-0.05234186394068757,ADXReversalStrategy_9p,ETHUSDT_f4h
2025-05-13 04:00:00+00:00,2025-08-31 16:00:00+00:00,110 days 12:00:00,68.37349397590361,6245.058875639986,10351.051415879994,2475.2221163599997,-37.54941124360015,81.08561721772492,-78.7350096755042,11.425921398022338,-78.88345070942682,-6.890911195059691,-2.0820119978340794,-1.8545564279388866,-41.747815135878234,0.051777417948300916,-42.45490106925922,-10.122981429480793,87 days,15 days 12:00:00,72,34.72222222222222,7.920185083256137,-5.000000000000004,-0.2773476444891787,4 days 12:00:00,1 days,0.8217058870465884,-0.23292244369352783,-0.5927951414542875,-0.06826272594474164,ADXReversalStrategy_26p,ETHUSDT_f4h
2025-05-13 04:00:00+00:00,2025-08-31 16:00:00+00:00,110 days 12:00:00,3.91566265060241,10198.352072640002,10198.352072640002,232.49160736000002,1.98352072640002,81.08561721772492,6.671671856082084,14.506669965547998,6.702850335922506,0.45990374578912246,0.7457493119068743,1.1196222578341328,0.5446241112195611,0.017745398808728847,-5.958859614838474,-2.497420080639752,73 days 20:00:00,29 days 03:00:00,6,50.0,5.000000000000004,-2.0004487610988164,0.7344077512449809,0 days 20:00:00,0 days 14:00:00,2.0674029627935404,0.7668693485485285,0.6516841322032108,0.253783559885435,RSI7LongStrategy_4p,ETHUSDT_f4h
2025-05-13 04:00:00+00:00,2025-08-31 16:00:00+00:00,110 days 12:00:00,5.120481927710843,10153.965236159998,10153.965236159998,229.60468384,1.539652361599983,81.08561721772492,5.152597007004123,15.724337680899852,5.176505246327201,0.327682927673508,0.5077437196829203,0.6853800804399617,-0.12121916975171865,0.02048293628809726,-7.517868047312593,-3.8865073136562955,87 days,43 days 16:00:00,6,50.0,5.000000000000004,-2.0004487610988164,0.6465430246396453,1 days 16:00:00,0 days 19:00:00,1.6948503950762817,0.6949523467657908,0.4807129057430799,0.20001691620855344,RSI7LongStrategy_9p,ETHUSDT_f4h
2025-05-13 04:00:00+00:00,2025-08-31 16:00:00+00:00,110 days 12:00:00,6.475903614457831,10631.08376364,10631.08376364,237.25641636,6.3108376363999925,81.08561721772492,22.291033019277396,20.2308387238265,22.402436929726257,1.1018343492118563,2.198577207516883,4.789793445235983,4.165229917184529,0.026461014824050003,-4.6538610222218395,-1.8185667767658353,65 days,16 days 08:00:00,6,50.0,5.000000000000004,-2.0004487610988164,1.4394184304712399,3 days 04:00:00,1 days 01:00:00,2.4995639854391976,1.4997840084584344,0.9446840622688634,0.29708461363817645,RSI7LongStrategy_26p,ETHUSDT_f4h
2025-05-13 04:00:00+00:00,2025-08-31 16:00:00+00:00,110 days 12:00:00,41.1144578313253,9714.213342199995,11165.169313000004,2166.241557800001,-2.8578665780000483,81.08561721772492,-9.093972336006228,38.64820588956416,-9.13318257886787,-0.23530128053012145,-0.33537282989944356,-0.5656500774175099,-33.56552434410232,0.3787065921154477,-16.077028359166846,-8.526471092748078,51 days 08:00:00,21 days 07:00:00,56,51.78571428571429,7.989575559646944,-5.000204998953439,0.345898962076685,0 days 20:00:00,0 days 16:00:00,1.3837450794392874,0.3898542521297476,0.868835064222126,0.13004003353210197,PsarStrategy_4p,ETHUSDT_f4h
2025-05-13 04:00:00+00:00,2025-08-31 16:00:00+00:00,110 days 12:00:00,56.475903614457835,12434.509726399996,13879.318716,2326.0103775999996,24.34509726399996,81.08561721772492,104.72285779947823,113.08406657985034,105.3876509589604,0.9260620082629577,3.516161405671912,7.220077347499466,-17.2323954546138,0.5127603901314958,-14.504395556890671,-4.045952972824875,47 days 16:00:00,6 days 13:00:00,55,47.27272727272727,13.420001710560081,-5.000204998953439,0.7794287330233018,1 days 16:00:00,1 days,1.8091930909480962,0.8604984075884305,1.385169516516443,0.1953806927025365,PsarStrategy_9p,ETHUSDT_f4h
2025-05-13 04:00:00+00:00,2025-08-31 16:00:00+00:00,110 days 12:00:00,61.295180722891565,11929.445616799998,13473.559624,2266.5435352000004,19.29445616799998,81.08561721772492,78.6279890704135,101.20300791674912,79.09751176281468,0.7769333213405465,2.5506065336251402,5.2178972476173575,-23.543437364935794,0.5283044638842759,-15.068903303206538,-4.486946990343323,49 days 16:00:00,7 days,55,47.27272727272727,12.249583873365921,-5.000204998953439,0.6991962924032258,2 days 16:00:00,1 days 02:00:00,1.7294084119628055,0.7756551359579755,1.2788136264212653,0.18376851970746616,PsarStrategy_26p,ETHUSDT_f4h
2025-05-13 00:00:00+00:00,2025-08-31 00:00:00+00:00,110 days,36.03603603603604,7288.261281399994,10000.0,631.9881426000001,-27.11738718600006,63.8919883121681,-64.6598906026587,13.526216602542531,-64.99248899518872,-4.7803382499807485,-2.1387565157171644,-2.352615178572366,-38.54588897584779,0.1788722200036963,-27.484261426000057,-27.484261426000057,105 days,105 days,18,22.22222222222222,13.743790638504105,-5.000000000000004,-1.4207033707350325,5 days,2 days,0.4696655573715893,-1.323595831268738,-1.2426416512930192,-0.25722523352586535,ADXReversalStrategy_4p,ETHUSDT_f1d
2025-05-13 00:00:00+00:00,2025-08-31 00:00:00+00:00,110 days,38.73873873873874,7492.772824499997,10000.0,635.6400135,-25.07227175500003,63.8919883121681,-61.29307993230357,15.936371040635452,-61.62563169963033,-3.846112755282557,-1.987327178541182,-2.4072302985405667,-38.82933600211682,0.21531751649207614,-25.462075635000016,-25.462075635000016,105 days,105 days,18,22.22222222222222,13.743790638504105,-5.000000000000004,-1.2841313584369018,9 days,2 days,0.5396523757722731,-1.1763867711474338,-1.0616924066322062,-0.19686606843084892,ADXReversalStrategy_9p,ETHUSDT_f1d
2025-05-13 00:00:00+00:00,2025-08-31 00:00:00+00:00,110 days,38.73873873873874,7492.772824499997,10000.0,635.6400135,-25.07227175500003,63.8919883121681,-61.29307993230357,15.936371040635452,-61.62563169963033,-3.846112755282557,-1.987327178541182,-2.4072302985405667,-38.82933600211682,0.21531751649207614,-25.462075635000016,-25.462075635000016,105 days,105 days,18,22.22222222222222,13.743790638504105,-5.000000000000004,-1.2841313584369018,9 days,2 days,0.5396523757722731,-1.1763867711474338,-1.0616924066322062,-0.19686606843084892,ADXReversalStrategy_26p,ETHUSDT_f1d
2025-05-13 00:00:00+00:00,2025-08-31 00:00:00+00:00,110 days,0.9009009009009009,9766.59744568,10000.0,38.57571432,-2.3340255432000045,63.8919883121681,-7.472043102693671,3.9365602804869804,-7.5373442400280215,-1.8981147423885825,-1.757452817225273,-3.2013544686616107,-2.250479241109715,-0.0013076178140222037,-2.3340255432000023,-2.3340255432000023,105 days,105 days,1,0.0,-2.0000000000000018,-2.0000000000000018,-2.0000000000000018,0 days,0 days,0.0,-2.0000000000000018,,,RSI7LongStrategy_4p,ETHUSDT_f1d
2025-05-13 00:00:00+00:00,2025-08-31 00:00:00+00:00,110 days,0.9009009009009009,9766.59744568,10000.0,38.57571432,-2.3340255432000045,63.8919883121681,-7.472043102693671,3.9365602804869804,-7.5373442400280215,-1.8981147423885825,-1.757452817225273,-3.2013544686616107,-2.250479241109715,-0.0013076178140222037,-2.3340255432000023,-2.3340255432000023,105 days,105 days,1,0.0,-2.0000000000000018,-2.0000000000000018,-2.0000000000000018,0 days,0 days,0.0,-2.0000000000000018,,,RSI7LongStrategy_9p,ETHUSDT_f1d
2025-05-13 00:00:00+00:00,2025-08-31 00:00:00+00:00,110 days,0.9009009009009009,9766.59744568,10000.0,38.57571432,-2.3340255432000045,63.8919883121681,-7.472043102693671,3.9365602804869804,-7.5373442400280215,-1.8981147423885825,-1.757452817225273,-3.2013544686616107,-2.250479241109715,-0.0013076178140222037,-2.3340255432000023,-2.3340255432000023,105 days,105 days,1,0.0,-2.0000000000000018,-2.0000000000000018,-2.0000000000000018,0 days,0 days,0.0,-2.0000000000000018,,,RSI7LongStrategy_26p,ETHUSDT_f1d
2025-05-13 00:00:00+00:00,2025-08-31 00:00:00+00:00,110 days,27.027027027027028,8951.593068400001,10000.0,279.8427316,-10.484069315999985,63.8919883121681,-30.524061379137958,22.24685259716626,-30.753703030270664,-1.3720620139779245,-1.4073592270705182,-1.623627745398402,-24.92639534106378,0.22604283270228553,-18.799913629,-18.799913629,101 days,101 days,8,37.5,17.39559624581235,-5.000356495536296,-0.9577850961022039,5 days,3 days,0.7725776904028245,-0.7107118264660082,-0.4265287571317067,-0.1894797438378818,PsarStrategy_4p,ETHUSDT_f1d
2025-05-13 00:00:00+00:00,2025-08-31 00:00:00+00:00,110 days,39.63963963963964,10456.3573825,11715.515475100001,303.2223675,4.563573825000003,63.8919883121681,15.805291127997334,47.6523874795388,15.959878547051698,0.3316788929995141,0.6560968830168208,1.0168439892515357,-17.684807856940743,0.3482186463385361,-15.543476969000004,-6.622477782260098,49 days,20 days,8,37.5,14.694395776572012,-5.000356495536296,0.9883010845486595,10 days,5 days,1.4259784864176714,1.3312148164064244,0.3200988906457762,0.08903720852704428,PsarStrategy_9p,ETHUSDT_f1d
2025-05-13 00:00:00+00:00,2025-08-31 00:00:00+00:00,110 days,49.549549549549546,12303.840591299995,14315.8148211,333.3867587,23.038405912999952,63.8919883121681,97.73327766477719,93.13762845730996,98.962578025418,1.0493425620083687,3.804889775045636,6.287735868859779,-4.964576738010884,0.43828629208081354,-15.543476969000004,-9.736754840975594,49 days,23 days,8,37.5,40.02029900511719,-5.000356495536296,3.0700819573759253,20 days,6 days,2.2759887567534096,3.987560857457627,0.6419305574432838,0.18696325187911278,PsarStrategy_26p,ETHUSDT_f1d
2025-05-13 04:00:00+00:00,2025-08-31 16:00:00+00:00,110 days 12:00:00,55.069732378439504,2329.2507363999785,10084.128347199998,5603.982463600002,-76.70749263600023,20.73106127494263,-99.10128579705297,0.49893780005918564,-99.1875263135817,-198.62452952110914,-2.033794403991239,-1.2602459005372397,-78.6443007330338,0.0934254195357845,-78.63646749797506,-28.25809437823585,104 days 17:00:00,36 days 17:00:00,286,47.2027972027972,8.422527318576623,-5.007131061402193,-0.11529021232810077,0 days 05:00:00,0 days 05:00:00,0.8621223140295999,-0.09915681677200738,-1.3653153854127416,-0.12220248951052298,ADXReversalStrategy_4p,SOLUSDT_f1h
2025-05-13 04:00:00+00:00,2025-08-31 16:00:00+00:00,110 days 12:00:00,67.9984922728986,2405.767548599998,10371.0376272,4795.245751399998,-75.94232451400002,20.73106127494263,-99.00050484785164,0.6896117920211002,-99.09598162945402,-143.55976216372835,-1.803558514242406,-1.2697482690055504,-77.63035423411367,0.0814251474020744,-77.96860784491362,-9.430624284610198,104 days 17:00:00,11 days,244,47.950819672131146,8.422527318576623,-5.007131061402193,-0.1900785085234391,0 days 10:00:00,0 days 07:00:00,0.8221493389494796,-0.16682117384912565,-1.6443932116071975,-0.16338340918022448,ADXReversalStrategy_9p,SOLUSDT_f1h
2025-05-13 04:00:00+00:00,2025-08-31 16:00:00+00:00,110 days 12:00:00,80.32416132679985,2171.5858003999924,10758.8684872,4181.993399599998,-78.28414199600007,20.73106127494263,-99.2862788251975,0.5313767985387098,-99.35543996937048,-186.84722234436188,-1.716534101387466,-1.2341300815480056,-80.85635741430926,0.12407543367874724,-80.450416297008,-7.884890633366861,102 days 22:00:00,8 days 11:00:00,213,46.478873239436616,8.422527318576623,-5.006957668082612,-0.3299733896527268,1 days 03:00:00,0 days 10:00:00,0.742275621230436,-0.29810142316402394,-1.968099621506593,-0.206358607843036,ADXReversalStrategy_26p,SOLUSDT_f1h
2025-05-13 04:00:00+00:00,2025-08-31 16:00:00+00:00,110 days 12:00:00,3.920090463626084,9387.703229600003,10045.749780000002,754.3619704,-6.122967703999966,20.73106127494263,-18.76050064973247,9.106844411120163,-18.836840406592692,-2.060044050694931,-1.867205980138749,-2.3026495778498766,-6.768269092412461,0.0311272722536623,-8.147353739881813,-8.147353739881813,93 days 19:00:00,93 days 19:00:00,20,55.00000000000001,2.057161665478091,-2.00585809074062,0.07918370920103612,0 days 05:00:00,0 days 05:00:00,1.1679241729452108,0.08781901848447293,0.2485158359491985,0.0683280514892356,RSI7LongStrategy_4p,SOLUSDT_f1h
2025-05-13 04:00:00+00:00,2025-08-31 16:00:00+00:00,110 days 12:00:00,6.181681115718055,9786.282947999996,10051.7806716,767.1230519999999,-2.137170520000036,20.73106127494263,-6.857365591879027,11.91544825000416,-6.8873005170445145,-0.5755021085234149,-0.6706826736604654,-1.1190552446732474,-3.0311531286842257,0.0431228578618276,-6.127816856692636,-5.726121130182015,65 days 08:00:00,46 days 22:00:00,20,55.00000000000001,2.773120983514943,-2.0061798461344593,0.29400072403178434,0 days 10:00:00,0 days 08:00:00,1.5415896144201946,0.30675419813351923,0.7863869274661665,0.1839013588384918,RSI7LongStrategy_9p,SOLUSDT_f1h
2025-05-13 04:00:00+00:00,2025-08-31 16:00:00+00:00,110 days 12:00:00,12.589521296645307,9597.336950199995,10045.749780000002,728.2379498000001,-4.026630498000049,20.73106127494263,-12.64123295228956,19.91399250717541,-12.694638597372132,-0.6347914888355346,-0.7804309502456421,-0.8432692994616979,-5.987544037570594,0.09458818888064725,-14.990742530718371,-14.990742530718371,93 days 19:00:00,93 days 19:00:00,20,45.0,5.00600583423898,-2.0061798461344593,0.19329063896817988,1 days 03:00:00,0 days 16:00:00,1.2556585334379216,0.2194330620031759,0.34332545230491307,0.07666749347514645,RSI7LongStrategy_26p,SOLUSDT_f1h
2025-05-13 04:00:00+00:00,2025-08-31 16:00:00+00:00,110 days 12:00:00,42.66867696946853,4244.804080000006,10375.079039999999,6169.392720000006,-57.551959199999935,20.73106127494263,-94.6724163743502,2.6751407654104358,-94.10136513041375,-35.38969522593515,-2.22993982970355,-1.5898529725882988,-65.35715564374337,0.3764976785427517,-59.54790663455025,-59.54790663455025,109 days 20:00:00,109 days 20:00:00,236,44.91525423728814,5.936974482708179,-4.441937909549898,0.0316763526460484,0 days 05:00:00,0 days 04:00:00,1.074948570751493,0.04443797728148445,0.24195644996378207,0.0154231067694241,PsarStrategy_4p,SOLUSDT_f1h
2025-05-13 04:00:00+00:00,2025-08-31 16:00:00+00:00,110 days 12:00:00,57.745947983415,4228.466039999998,10409.799039999998,5916.770759999996,-57.715339600000014,20.73106127494263,-94.83076860738404,2.8831195064468043,-94.17602692016312,-32.891723147562054,-2.1265276341437254,-1.5318081271277864,-67.35118504277871,0.4648023231895716,-61.90773304303867,-31.067215055585052,109 days 17:00:00,54 days 22:00:00,236,40.25423728813559,7.692307692307687,-4.441937909549898,0.029235836072794008,0 days 10:00:00,0 days 06:00:00,1.069070108909658,0.04470501396302002,0.08049920337716834,6.513274194541729e-06,PsarStrategy_9p,SOLUSDT_f1h
2025-05-13 04:00:00+00:00,2025-08-31 16:00:00+00:00,110 days 12:00:00,60.72370900866944,4093.7908399999887,10409.799039999998,5836.94512,-59.06209160000011,20.73106127494263,-95.35268771631442,2.566306237903516,-94.76657405115579,-37.15561545539108,-2.1368986521975377,-1.5267848317598989,-69.07605133366896,0.4830413455857462,-62.453258463671666,-31.33997776590155,109 days 17:00:00,54 days 22:00:00,236,40.25423728813559,10.018542450974888,-4.441937909549898,0.014175742053823548,0 days 18:00:00,0 days 06:00:00,1.0463040279458558,0.029969870448171624,-0.04081950629659402,-0.008797659332431262,PsarStrategy_26p,SOLUSDT_f1h
2025-05-13 00:00:00+00:00,2025-08-31 16:00:00+00:00,110 days 16:00:00,46.616541353383454,7388.771171399996,10424.938199999999,2475.3675286000002,-26.11228828600004,22.548960891178062,-63.031863454145935,20.544045875300714,-63.14250329274773,-3.0681329197150315,-1.7136478889188012,-2.063710852951019,-28.618499484539427,0.11114530778754883,-30.542972318051742,-15.28179515902588,103 days 16:00:00,52 days,75,41.333333333333336,10.354963948973928,-5.006194170959121,-0.009706079005900037,0 days 20:00:00,0 days 14:00:00,1.0335192105533135,0.04462027926019981,-0.05777517166369396,-0.006828341091153101,ADXReversalStrategy_4p,SOLUSDT_f4h
2025-05-13 00:00:00+00:00,2025-08-31 16:00:00+00:00,110 days 16:00:00,54.285714285714285,7666.3696854000045,10532.97036,2401.5783945999997,-23.336303145999953,22.548960891178062,-58.26524653696317,26.718493266435928,-58.374949480656625,-2.180708543552365,-1.427800881165651,-1.6495984544925837,-27.571328543192887,0.18781465884974874,-35.320866346765314,-12.938608250336225,101 days 16:00:00,34 days 16:00:00,73,43.83561643835616,10.354963948973928,-5.006194170959121,0.041399788530394055,1 days 16:00:00,0 days 18:00:00,1.0732453314970398,0.11850090985944829,0.03647613765484781,0.004431326775765909,ADXReversalStrategy_9p,SOLUSDT_f4h
2025-05-13 00:00:00+00:00,2025-08-31 16:00:00+00:00,110 days 16:00:00,57.59398496240602,7845.230205600006,10532.97036,2344.3757144000006,-21.54769794399994,22.548960891178062,-54.97713468456074,29.46147800671986,-55.08522230238035,-1.8660684529140397,-1.3339569513622418,-1.4508769371530927,-26.62587114458695,0.22520652836706845,-37.8923486043115,-13.795769002851621,101 days 16:00:00,34 days 16:00:00,72,43.05555555555556,10.354963948973928,-5.006194170959121,0.06226722953979191,3 days 20:00:00,0 days 19:00:00,1.087101926698344,0.14762658893549058,0.07746342473778087,0.009257582167255751,ADXReversalStrategy_26p,SOLUSDT_f4h
2025-05-13 00:00:00+00:00,2025-08-31 16:00:00+00:00,110 days 16:00:00,3.308270676691729,9706.070194400003,10175.77232,195.4726056,-2.9392980559999704,22.548960891178062,-9.344312575604407,8.023192947724969,-9.37109614799031,-1.1646625771668686,-1.3182289939938905,-1.5329302400094533,-3.242272591733882,0.013436297007036177,-6.095719382211929,-3.1944550108680434,78 days 20:00:00,30 days 19:00:00,5,40.0,1.987507098239627,-2.0075927791120995,-0.20214110548317787,0 days 20:00:00,0 days 14:00:00,0.7694589626756748,-0.1889287097367487,-0.24936759777985282,-0.1295830481705723,RSI7LongStrategy_4p,SOLUSDT_f4h
2025-05-13 00:00:00+00:00,2025-08-31 16:00:00+00:00,110 days 16:00:00,4.661654135338346,9495.616929600003,10151.059200000002,188.5182704,-5.043830703999975,22.548960891178062,-15.649093151857073,11.807963777862183,-15.692320708758068,-1.3252998947368317,-1.3252010558050478,-1.485315767256397,-5.476292402658192,0.019178786142088327,-10.535869541574527,-5.9846387707872655,92 days,46 days 04:00:00,5,20.0,4.993374976339182,-2.0075927791120995,-0.6436528991260682,1 days 12:00:00,0 days 21:00:00,0.6226243669741484,-0.6053017333032473,-0.49127459446777094,-0.1400426514859296,RSI7LongStrategy_9p,SOLUSDT_f4h
2025-05-13 00:00:00+00:00,2025-08-31 16:00:00+00:00,110 days 16:00:00,4.661654135338346,9495.616929600003,10151.059200000002,188.5182704,-5.043830703999975,22.548960891178062,-15.649093151857073,11.807963777862183,-15.692320708758068,-1.3252998947368317,-1.3252010558050478,-1.485315767256397,-5.476292402658192,0.019178786142088327,-10.535869541574527,-5.9846387707872655,92 days,46 days 04:00:00,5,20.0,4.993374976339182,-2.0075927791120995,-0.6436528991260682,1 days 12:00:00,0 days 21:00:00,0.6226243669741484,-0.6053017333032473,-0.49127459446777094,-0.1400426514859296,RSI7LongStrategy_26p,SOLUSDT_f4h
2025-05-13 00:00:00+00:00,2025-08-31 16:00:00+00:00,110 days 16:00:00,40.150375939849624,9392.90055000001,10019.13718,1925.6240499999994,-6.070994499999906,22.548960891178062,-18.612510660836257,37.62016618756483,-18.66298187532435,-0.49474823072388596,-0.6332090158686582,-0.9466964158587668,-14.104013962770733,0.356247877742057,-19.660484976012594,-19.660484976012594,107 days 08:00:00,107 days 08:00:00,53,45.28301886792453,10.621904237754553,-5.000000000000004,0.2733209511438961,0 days 20:00:00,0 days 17:00:00,1.2798354392021705,0.32786636590647317,0.5912961812112129,0.08320428698065868,PsarStrategy_4p,SOLUSDT_f4h
2025-05-13 00:00:00+00:00,2025-08-31 16:00:00+00:00,110 days 16:00:00,55.48872180451128,11352.412324000006,11971.009440000007,2053.994076,13.524123240000064,22.548960891178062,51.755954196692144,82.34357966703536,51.946730446705615,0.6285366072980142,1.6704291694895463,2.827210016096255,2.195976794015884,0.5023799766496622,-18.306370556848673,-5.981922246057098,54 days 16:00:00,9 days 17:00:00,53,49.056603773584904,13.192074848651615,-5.000000000000004,0.6339161580861452,1 days 16:00:00,1 days,1.6018045542748471,0.7101280217908662,1.1880582897857206,0.17322029937620098,PsarStrategy_9p,SOLUSDT_f4h
2025-05-13 00:00:00+00:00,2025-08-31 16:00:00+00:00,110 days 16:00:00,58.796992481203006,10442.387600000007,11269.906800000004,2031.24928,4.423876000000073,22.548960891178062,15.29731473326661,63.17452048924335,15.346758691591589,0.2421437410968757,0.48030342490317945,0.8356279408724012,-7.519974937855833,0.5296852034777689,-18.306370556848673,-7.404169755452044,54 days 16:00:00,15 days 07:00:00,53,49.056603773584904,11.310895094678886,-5.000000000000004,0.47511709549430403,2 days 12:00:00,1 days 02:00:00,1.4565218068847345,0.5386947063205335,0.9577996992413945,0.140059236979529,PsarStrategy_26p,SOLUSDT_f4h
2025-05-12 00:00:00+00:00,2025-08-31 00:00:00+00:00,111 days,17.857142857142858,9862.104626599998,10116.15376,406.5002134,-1.3789537340000242,15.15325450579727,-4.424324648853029,22.523880552012738,-4.463280448142348,-0.1964281704760537,-0.3021478503742051,-0.2739817825655868,-1.891507862183131,0.03382468947426547,-16.148243899369174,-16.148243899369174,50 days,50 days,11,27.27272727272727,9.48685218279297,-2.006260741468213,0.0954895438862069,5 days,1 days,1.1131944934430074,0.1645391425283133,0.06737144725016339,0.013631558010705924,ADXReversalStrategy_4p,SOLUSDT_f1d
2025-05-12 00:00:00+00:00,2025-08-31 00:00:00+00:00,111 days,17.857142857142858,10277.834251199996,10277.834251199996,415.9725288000001,2.7783425119999627,15.15325450579727,9.341869637413547,27.231190021457518,9.429880134489576,0.34305770809327024,0.6336151904663307,0.7341305382442417,2.0863317627550533,0.04566746694448791,-12.725079738210743,-12.725079738210743,49 days,49 days,11,27.27272727272727,9.48685218279297,-2.006260741468213,0.4814993663977196,6 days,1 days,1.3926312625083412,0.5707275088912243,0.36520723848940445,0.06734343342614366,ADXReversalStrategy_9p,SOLUSDT_f1d
2025-05-12 00:00:00+00:00,2025-08-31 00:00:00+00:00,111 days,17.857142857142858,10277.834251199996,10277.834251199996,415.9725288000001,2.7783425119999627,15.15325450579727,9.341869637413547,27.231190021457518,9.429880134489576,0.34305770809327024,0.6336151904663307,0.7341305382442417,2.0863317627550533,0.04566746694448791,-12.725079738210743,-12.725079738210743,49 days,49 days,11,27.27272727272727,9.48685218279297,-2.006260741468213,0.4814993663977196,6 days,1 days,1.3926312625083412,0.5707275088912243,0.36520723848940445,0.06734343342614366,ADXReversalStrategy_26p,SOLUSDT_f1d
2025-05-12 00:00:00+00:00,2025-08-31 00:00:00+00:00,111 days,0.8928571428571428,9763.841854,10000.0,39.031146,-2.3615814599999974,15.15325450579727,-7.49297346700769,3.9641853249587937,-7.557860281570483,-1.8901672986455489,-1.749710996464553,-3.1728625897188856,-2.3462800750677713,-0.0010097754859440973,-2.361581459999995,-2.361581459999995,92 days,92 days,1,0.0,-1.9999999999999907,-1.9999999999999907,-1.9999999999999907,0 days,0 days,0.0,-1.9999999999999907,,,RSI7LongStrategy_4p,SOLUSDT_f1d
2025-05-12 00:00:00+00:00,2025-08-31 00:00:00+00:00,111 days,0.8928571428571428,9763.841854,10000.0,39.031146,-2.3615814599999974,15.15325450579727,-7.49297346700769,3.9641853249587937,-7.557860281570483,-1.8901672986455489,-1.749710996464553,-3.1728625897188856,-2.3462800750677713,-0.0010097754859440973,-2.361581459999995,-2.361581459999995,92 days,92 days,1,0.0,-1.9999999999999907,-1.9999999999999907,-1.9999999999999907,0 days,0 days,0.0,-1.9999999999999907,,,RSI7LongStrategy_9p,SOLUSDT_f1d
2025-05-12 00:00:00+00:00,2025-08-31 00:00:00+00:00,111 days,0.8928571428571428,9763.841854,10000.0,39.031146,-2.3615814599999974,15.15325450579727,-7.49297346700769,3.9641853249587937,-7.557860281570483,-1.8901672986455489,-1.749710996464553,-3.1728625897188856,-2.3462800750677713,-0.0010097754859440973,-2.361581459999995,-2.361581459999995,92 days,92 days,1,0.0,-1.9999999999999907,-1.9999999999999907,-1.9999999999999907,0 days,0 days,0.0,-1.9999999999999907,,,RSI7LongStrategy_26p,SOLUSDT_f1d
2025-05-12 00:00:00+00:00,2025-08-31 00:00:00+00:00,111 days,27.67857142857143,9196.609571999998,10842.667060000002,261.024428,-8.033904280000025,15.15325450579727,-23.88584437877205,23.431574780542178,-24.07277021325992,-1.0193870707574935,-1.0035867405881138,-1.2482373762477952,-10.908690722451441,0.18971412651662334,-19.135658676215062,-11.132126793035708,82 days,50 days,7,42.857142857142854,11.32305442135413,-5.000000000000004,-0.8212164248161291,5 days,4 days,0.7698630896516909,-0.6575340295665977,-0.362110623405284,-0.1712978160054331,PsarStrategy_4p,SOLUSDT_f1d
2025-05-12 00:00:00+00:00,2025-08-31 00:00:00+00:00,111 days,37.5,10278.513243,11789.766725999998,275.815257,2.785132429999994,15.15325450579727,9.365412358771753,45.31869359099242,9.453654096011753,0.2066567152905138,0.34642598216878606,0.5480411565482686,-2.000606208777366,0.31582249456355743,-17.08888510811486,-11.011943112793325,63 days,33 days,7,42.857142857142854,13.17569626424524,-5.000000000000004,0.804776043155564,10 days,5 days,1.3842405448793156,1.0978301282266163,0.26099192210290983,0.09243620151156451,PsarStrategy_9p,SOLUSDT_f1d
2025-05-12 00:00:00+00:00,2025-08-31 00:00:00+00:00,111 days,39.285714285714285,11350.308846999997,13023.493995999997,290.85765299999997,13.503088469999966,15.15325450579727,51.100567990203395,67.06071596807217,51.66351138102796,0.7620045096824278,1.8876947528727825,2.990280973095061,8.116878750756328,0.35544903685099494,-17.08888510811486,-8.562045629989914,41 days,20 days,7,42.857142857142854,24.614796892907176,-5.000000000000004,2.2654763660032273,12 days,6 days,1.9811461860355621,2.803274817244464,0.5526801564750733,0.1866381512908302,PsarStrategy_26p,SOLUSDT_f1d
2025-05-13 05:00:00+00:00,2025-08-31 16:00:00+00:00,110 days 11:00:00,59.464555052790345,2125.385844600013,10061.36012,5668.131775400002,-78.74614155399988,13.250975815862532,-99.37653276074322,0.292703491810597,-99.4007936860375,-339.5126315235348,-2.1267756927763215,-1.2548247190324637,-79.58073916435005,0.06298386035472862,-79.19554918982452,-39.82107399491227,109 days 14:00:00,54 days 21:00:00,295,48.47457627118644,6.510150044130625,-5.000000000000004,-0.14434141831768388,0 days 05:00:00,0 days 05:00:00,0.7869854653764797,-0.13322597054206592,-1.802117786621341,-0.16628359115778202,ADXReversalStrategy_4p,XRPUSDT_f1h
2025-05-13 05:00:00+00:00,2025-08-31 16:00:00+00:00,110 days 11:00:00,73.90648567119156,2229.4641612000173,10061.36012,4874.6174388,-77.70535838799982,13.250975815862532,-99.27039564188729,0.4464911852389687,-99.29824589117983,-222.3345027265349,-1.8448814008131884,-1.2581526023913534,-79.0321007575605,0.10012412580003785,-78.9017130777343,-39.67415593886716,109 days 14:00:00,54 days 21:00:00,252,45.23809523809524,9.112091791703447,-5.003201995348682,-0.21634100972059978,0 days 10:00:00,0 days 08:00:00,0.756993908264292,-0.19802800598567896,-1.996477137825981,-0.19836530943735936,ADXReversalStrategy_9p,XRPUSDT_f1h
2025-05-13 05:00:00+00:00,2025-08-31 16:00:00+00:00,110 days 11:00:00,83.22021116138764,2297.901931199995,10061.36012,4374.534948799998,-77.02098068800005,13.250975815862532,-99.19412828003301,0.563863782261755,-99.22451179020126,-175.91860197537113,-1.7148129594522978,-1.2765493967504336,-79.1002134121995,0.15691166847579877,-77.7048882969513,-39.07574354847566,109 days 14:00:00,54 days 21:00:00,217,47.465437788018434,8.187113857016758,-5.004305851425473,-0.28649145639674245,1 days 03:00:00,0 days 10:00:00,0.7337084151198221,-0.26160727700057956,-1.9203152898694755,-0.22010284863296664,ADXReversalStrategy_26p,XRPUSDT_f1h
2025-05-13 05:00:00+00:00,2025-08-31 16:00:00+00:00,110 days 11:00:00,3.619909502262444,8785.883731999993,10012.363960000002,739.090268,-12.14116268000007,13.250975815862532,-34.66432845629047,7.845032542880083,-34.80055606348742,-4.418634118701111,-3.0781112447798122,-2.8298203673395252,-12.610484766456326,0.035417926421270556,-12.249656853265344,-6.871483426632663,99 days 12:00:00,49 days 22:00:00,20,35.0,4.479348458406052,-2.000000000000013,-0.25658695118911945,0 days 05:00:00,0 days 04:00:00,0.6855107309601075,-0.24319491060995957,-0.6964286501295336,-0.1740896525727249,RSI7LongStrategy_4p,XRPUSDT_f1h
2025-05-13 05:00:00+00:00,2025-08-31 16:00:00+00:00,110 days 11:00:00,5.429864253393665,8778.283080399997,10073.17414,728.1567196000002,-12.21716919600003,13.250975815862532,-34.850004426780046,9.282768359670914,-34.98675221435097,-3.754268454891782,-2.852051496828867,-2.3256319842036586,-12.846477521405152,0.04749147037547132,-14.985175927872941,-4.2568790463818145,98 days 12:00:00,24 days 23:00:00,20,35.0,3.879208654915578,-2.000000000000013,-0.26203164410589785,0 days 10:00:00,0 days 07:00:00,0.7542602961857319,-0.24372811738899827,-0.6280602177362173,-0.1309525603608392,RSI7LongStrategy_9p,XRPUSDT_f1h
2025-05-13 05:00:00+00:00,2025-08-31 16:00:00+00:00,110 days 11:00:00,9.69079939668175,8201.054624799997,10055.62396,710.9729752000001,-17.989453752000024,13.250975815862532,-47.90707322386152,8.849960733815196,-48.07339903400888,-5.413252630693751,-3.4204952280136767,-2.5975600060883366,-18.92443200161557,0.07055919976069225,-18.443105495762822,-6.761528340118428,99 days 06:00:00,33 days 07:00:00,20,30.0,5.003777929694531,-2.0046368582919416,-0.6038138753963529,1 days 03:00:00,0 days 13:00:00,0.5004743783209672,-0.5857671716065621,-1.434189108573822,-0.32493924159009274,RSI7LongStrategy_26p,XRPUSDT_f1h
2025-05-13 05:00:00+00:00,2025-08-31 16:00:00+00:00,110 days 11:00:00,40.83710407239819,4629.856179999979,10195.896499999999,5664.38278,-53.701438200000204,13.250975815862532,-92.19689667690386,3.6021320048032197,-92.14951013029278,-25.595091061061897,-2.677852548296269,-1.6888667025302868,-58.297028102363804,0.3468114323220099,-54.5909849124108,-14.2354466961505,109 days 07:00:00,27 days 12:00:00,217,41.935483870967744,8.410787213068605,-3.257825370675449,0.03896498447624186,0 days 05:00:00,0 days 04:00:00,1.1001116105763962,0.051086178433032384,0.2200635756969362,0.017443309509689697,PsarStrategy_4p,XRPUSDT_f1h
2025-05-13 05:00:00+00:00,2025-08-31 16:00:00+00:00,110 days 11:00:00,55.203619909502265,4950.773979999974,10163.980459999999,5850.900540000003,-50.49226020000026,13.250975815862532,-90.41745727655068,4.943002964247595,-90.20343801816637,-18.292009519422507,-2.388966832484865,-1.7495623368328173,-56.79973071153871,0.47600045454674195,-51.68004327312556,-10.920702117826355,109 days 07:00:00,22 days,217,40.55299539170507,8.786434131917197,-4.365766844111274,0.06952891014193607,0 days 10:00:00,0 days 06:00:00,1.1441423906611388,0.08613023101449246,0.46485018983469945,0.03463364999675983,PsarStrategy_9p,XRPUSDT_f1h
2025-05-13 05:00:00+00:00,2025-08-31 16:00:00+00:00,110 days 11:00:00,59.42684766214178,5356.317359999982,10163.980459999999,6202.858280000001,-46.43682640000018,13.250975815862532,-87.58582488817929,6.778853477302839,-87.2924401539741,-12.920448152690833,-2.3082736462248343,-1.8362605721232865,-53.272533188573625,0.5158644075397473,-47.69792817960629,-10.124279099122502,109 days 07:00:00,22 days,217,40.09216589861751,7.618606088703439,-4.365766844111274,0.10806611488776152,0 days 23:00:00,0 days 07:00:00,1.2100454883954108,0.12593210149221093,0.7976809902801381,0.05780231277354053,PsarStrategy_26p,XRPUSDT_f1h
2025-05-13 04:00:00+00:00,2025-08-31 16:00:00+00:00,110 days 12:00:00,50.903614457831324,6044.891416400008,10000.0,2360.4667836,-39.55108583599992,12.066274462720605,-80.89520515945593,8.634758672152955,-81.03776044206883,-9.368554262013422,-2.2999964415302108,-1.9268569322443652,-40.09135077885819,0.04477479312504034,-41.982984727999906,-41.982984727999906,109 days,109 days,79,41.77215189873418,7.756504663721153,-5.000000000000016,-0.25227387451230987,0 days 20:00:00,0 days 14:00:00,0.8288537947507634,-0.21436262068161874,-0.8739369499499746,-0.11324027177968499,ADXReversalStrategy_4p,XRPUSDT_f4h
2025-05-13 04:00:00+00:00,2025-08-31 16:00:00+00:00,110 days 12:00:00,61.14457831325302,6438.302609199989,10000.0,2187.3769908,-35.61697390800011,12.066274462720605,-76.49365067747974,12.458204423437339,-76.64715106784047,-6.140022115351869,-2.0041178291332935,-1.9735739245143862,-37.281551729220276,0.13795292211883323,-38.75894879200008,-38.75894879200008,109 days,109 days,74,44.5945945945946,11.585586517086277,-5.004372641075228,-0.21608116733407012,1 days 16:00:00,0 days 19:00:00,0.8979457885722255,-0.15688168414183462,-0.6244609532252933,-0.0844896533888756,ADXReversalStrategy_9p,XRPUSDT_f4h
2025-05-13 04:00:00+00:00,2025-08-31 16:00:00+00:00,110 days 12:00:00,67.46987951807229,6061.473443999989,10000.0,1987.581556,-39.38526556000011,12.066274462720605,-80.72233345361403,10.55022456121631,-80.8653987562953,-7.651243154610895,-2.04181137994364,-2.013306332323457,-41.58674844810959,0.1824492634334713,-40.09441194200009,-40.09441194200009,109 days,109 days,67,40.298507462686565,11.585586517086277,-5.004372641075228,-0.3644026917975607,4 days 08:00:00,1 days 01:00:00,0.8252393302173608,-0.29928772958917943,-0.8786150880053248,-0.1154901385074984,ADXReversalStrategy_26p,XRPUSDT_f4h
2025-05-13 04:00:00+00:00,2025-08-31 16:00:00+00:00,110 days 12:00:00,3.1626506024096384,9853.388698799998,10514.447799999998,241.40190120000003,-1.4661130120000234,12.066274462720605,-4.740641213714913,11.353036008154476,-4.761573093874039,-0.4175659453832334,-0.5671728539452784,-0.7540206993542872,-1.722176014845736,0.021221380603999418,-6.287149965212635,-2.0827492564983006,78 days 16:00:00,26 days 09:00:00,6,50.0,4.4247408549644485,-2.0000000000000018,0.15963720970704198,0 days 20:00:00,0 days 10:00:00,1.1885205623688027,0.18852056236880282,0.14678686749268136,0.06725885875658022,RSI7LongStrategy_4p,XRPUSDT_f4h
2025-05-13 04:00:00+00:00,2025-08-31 16:00:00+00:00,110 days 12:00:00,4.66867469879518,8882.684905599997,10413.82936,224.14229439999997,-11.173150944000026,12.066274462720605,-32.26725416085537,12.325461516858137,-32.38655488685549,-2.6179347618522737,-1.9991612488792863,-2.1946046813628284,-11.817286524026558,0.053383136776527194,-14.702991584260051,-7.536036740993252,105 days 04:00:00,52 days 18:00:00,6,16.666666666666664,0.46020192533458015,-2.0000000000000018,-1.5929348803806809,1 days 16:00:00,0 days 17:00:00,0.04605475077219984,-1.5887157242107615,-3.850241495387949,-3.3755585789871896,RSI7LongStrategy_9p,XRPUSDT_f4h
2025-05-13 04:00:00+00:00,2025-08-31 16:00:00+00:00,110 days 12:00:00,5.873493975903615,9278.294657400002,10413.82936,231.38664260000002,-7.217053425999984,12.066274462720605,-21.832551981424718,14.973602210490608,-21.91962545172489,-1.4580694527953122,-1.3574781505677527,-2.002232695375199,-7.906627186716268,0.05714885425876549,-10.904103220297035,-5.636592559011744,105 days 04:00:00,52 days 18:00:00,6,16.666666666666664,5.000000000000004,-2.0000000000000018,-0.8653475477290895,3 days,0 days 22:00:00,0.5003754682112286,-0.8320827117665242,-0.7283882942550405,-0.1705560164531754,RSI7LongStrategy_26p,XRPUSDT_f4h
2025-05-13 04:00:00+00:00,2025-08-31 16:00:00+00:00,110 days 12:00:00,36.89759036144578,6352.534315999993,10078.607660000005,1647.6588839999997,-36.47465684000007,12.066274462720605,-77.5077452929757,8.447081772702655,-77.65908195030269,-9.175683079504154,-2.5823013353789084,-2.082301973156702,-39.44342084884916,0.24603816347964236,-37.222144670725385,-19.744931435362677,105 days 04:00:00,53 days 16:00:00,51,37.254901960784316,8.813830318776873,-5.004592922065376,-0.46197143654524986,0 days 20:00:00,0 days 16:00:00,0.7074241545677895,-0.4195305842461131,-1.1041911827771658,-0.16973896490724638,PsarStrategy_4p,XRPUSDT_f4h
2025-05-13 04:00:00+00:00,2025-08-31 16:00:00+00:00,110 days 12:00:00,50.0,8518.466824999998,11238.208428999995,1864.8986749999995,-14.815331750000023,12.066274462720605,-40.9787603598888,29.098457445096294,-41.119408325413374,-1.4082794745119587,-1.3379877611894746,-1.693277954821747,-19.40151947827465,0.3800831600875564,-24.200846791395612,-9.574942050073735,59 days 04:00:00,21 days 08:00:00,51,37.254901960784316,13.95040167656305,-5.004592922065376,0.11589948270991357,1 days 16:00:00,0 days 23:00:00,1.13702839308762,0.19619664872313197,0.20788199015925754,0.02801924187321908,PsarStrategy_9p,XRPUSDT_f4h
2025-05-13 04:00:00+00:00,2025-08-31 16:00:00+00:00,110 days 12:00:00,54.668674698795186,10262.389979999994,14335.684548999992,2091.6456200000007,2.6238997999999447,12.066274462720605,8.89009019619147,68.91127456172235,8.932062277576524,0.12900777489217394,0.2830779422524793,0.312880707510546,-3.1765134928052636,0.480712858863429,-28.413673271599272,-5.9155039260986815,54 days,11 days 18:00:00,51,35.294117647058826,23.11536141983286,-5.004592922065376,0.4899671691068308,3 days,1 days 01:00:00,1.4373704264648632,0.6285559929568098,0.6393526241434289,0.08720063671224942,PsarStrategy_26p,XRPUSDT_f4h
2025-05-13 00:00:00+00:00,2025-08-31 00:00:00+00:00,110 days,28.82882882882883,9181.382227599997,10345.9615076,448.4927723999999,-8.186177724000027,7.464477912424009,-24.485381334295532,23.568996191349672,-24.67793380435479,-1.038880957657509,-1.2547923996008883,-1.9482638322991144,-9.273768018182729,0.14570212504380206,-12.567795453760866,-8.282095622664524,77 days,30 days,12,33.33333333333333,11.454835317662226,-5.000000000000016,-0.44796790611079107,5 days,2 days,0.8505450418483098,-0.33244318665322703,-0.30380696357910225,-0.07991411800899884,ADXReversalStrategy_4p,XRPUSDT_f1d
2025-05-13 00:00:00+00:00,2025-08-31 00:00:00+00:00,110 days,33.33333333333333,9326.945478999998,10507.431727,452.31022100000007,-6.730545210000019,7.464477912424009,-20.47667164335838,25.63987253939417,-20.64213895354696,-0.79862610907668,-1.004791502934745,-1.6347268410486149,-7.951595041199722,0.1635814112554832,-12.526050915162912,-8.676300275241651,77 days,30 days,12,33.33333333333333,11.454835317662226,-5.004076553381398,-0.29398525974180245,10 days,3 days,0.9291915446319116,-0.1651801624222367,-0.1998622950792261,-0.048568793732483295,ADXReversalStrategy_9p,XRPUSDT_f1d
2025-05-13 00:00:00+00:00,2025-08-31 00:00:00+00:00,110 days,38.73873873873874,10522.9423514,11860.9312354,489.17394859999996,5.229423513999991,7.464477912424009,18.2479081066665,42.272805735704154,18.428226401887105,0.43167014323002656,0.8825669858961062,1.4519857059409387,3.691948607304486,0.20597219587675444,-12.567553545467725,-7.733777760404906,48 days,23 days,12,33.33333333333333,18.00871015567087,-5.004076553381398,0.7161612348385304,17 days,3 days,1.409490300413179,0.9552485502043998,0.35178125307568797,0.0772868804508619,ADXReversalStrategy_26p,XRPUSDT_f1d
2025-05-13 00:00:00+00:00,2025-08-31 00:00:00+00:00,110 days,0.9009009009009009,9766.628787199998,10000.0,38.6376128,-2.3337121280000246,7.464477912424009,-7.471066717419861,3.936072619066705,-7.536359673821192,-1.898101849348336,-1.757459161023907,-3.201366024447294,-2.349145214644425,0.0020675373181442526,-2.3337121280000206,-2.3337121280000206,107 days,107 days,1,0.0,-1.995881833844615,-1.995881833844615,-1.995881833844615,0 days,0 days,0.0,-1.995881833844615,,,RSI7LongStrategy_4p,XRPUSDT_f1d
2025-05-13 00:00:00+00:00,2025-08-31 00:00:00+00:00,110 days,0.9009009009009009,9766.628787199998,10000.0,38.6376128,-2.3337121280000246,7.464477912424009,-7.471066717419861,3.936072619066705,-7.536359673821192,-1.898101849348336,-1.757459161023907,-3.201366024447294,-2.349145214644425,0.0020675373181442526,-2.3337121280000206,-2.3337121280000206,107 days,107 days,1,0.0,-1.995881833844615,-1.995881833844615,-1.995881833844615,0 days,0 days,0.0,-1.995881833844615,,,RSI7LongStrategy_9p,XRPUSDT_f1d
2025-05-13 00:00:00+00:00,2025-08-31 00:00:00+00:00,110 days,0.9009009009009009,9766.628787199998,10000.0,38.6376128,-2.3337121280000246,7.464477912424009,-7.471066717419861,3.936072619066705,-7.536359673821192,-1.898101849348336,-1.757459161023907,-3.201366024447294,-2.349145214644425,0.0020675373181442526,-2.3337121280000206,-2.3337121280000206,107 days,107 days,1,0.0,-1.995881833844615,-1.995881833844615,-1.995881833844615,0 days,0 days,0.0,-1.995881833844615,,,RSI7LongStrategy_26p,XRPUSDT_f1d
2025-05-13 00:00:00+00:00,2025-08-31 00:00:00+00:00,110 days,24.324324324324326,8672.640107,10174.610099999998,327.7963930000001,-13.273598930000007,7.464477912424009,-37.392880156211184,17.855057167799785,-37.658844187702044,-2.094245893742998,-1.837458374406687,-1.8848115807507637,-14.508348481211732,0.16541673318593184,-19.83905475650608,-19.83905475650608,98 days,98 days,9,22.22222222222222,20.645615889373303,-5.0031395617832874,-1.1728218510717703,5 days,2 days,0.7399693415064881,-0.8827927899671795,-0.4762096627442831,-0.1210669810937971,PsarStrategy_4p,XRPUSDT_f1d
2025-05-13 00:00:00+00:00,2025-08-31 00:00:00+00:00,110 days,28.82882882882883,10960.376434999996,12377.618730999999,363.036065,9.603764349999965,7.464477912424009,35.194065295219154,56.874608617246246,35.56517885895361,0.6188010106947296,1.7094355015317921,1.7739789383704134,7.114265525505283,0.33351278598481965,-19.83905475650608,-10.863336765598518,50 days,33 days,9,22.22222222222222,53.31395604879552,-5.0031395617832874,1.4938540628488983,10 days,3 days,1.8091481391292785,2.7470227833019556,0.2834984868902011,0.06637094911717287,PsarStrategy_9p,XRPUSDT_f1d
2025-05-13 00:00:00+00:00,2025-08-31 00:00:00+00:00,110 days,34.234234234234236,10045.663576999998,12619.118730999999,348.93792299999996,0.45663576999997524,7.464477912424009,1.509410398466482,48.01672756640217,1.5232362954943124,0.031435095121364186,0.05415765727178182,0.07401500275786248,-2.7393925269102,0.42816501494239123,-20.393303279396825,-10.863317828736992,50 days,24 days,9,22.22222222222222,40.21667327255911,-5.0031395617832874,0.49180104873463026,16 days,4 days,1.3804965154935036,1.2917691414979104,0.1088217471628706,0.02586603529133749,PsarStrategy_26p,XRPUSDT_f1d
